\u3588,\u439B,,,,,,,
\u363D,\u39B3,,,,,,,
\u380F,\u37C6,,,,,,,
\u3A5C,\u3A2B,,,,,,,
\u42B7,\u4336,,,,,,,
\u42D9,\u433A,,,,,,,
\u42FB,\u433E,,,,,,,
\u477C,\u478D,,,,,,,
\u4BC0,\u4BC5,,,,,,,
\u4C3E,\u9C83,,,,,,,
\u4C7D,\u4C9D,,,,,,,
\u4C81,\u9CDA,,,,,,,
\u4E00,\u5F0C,\u58F9,\u58F1,,,,,
\u4E0A,\u4E04,,,,,,,
\u4E0B,\u4E05,,,,,,,
\u4E0D,\uF967,,,,,,,
\u4E16,\u4E17,\u534B,,,,,,
\u4E18,\u4E20,,,,,,,
\u4E1F,\u4E22,,,,,,,
\u4E26,\u5E76,\u7ADD,\u4F75,\u5002,\u5E77,,,
\u4E31,\u535D,,,,,,,
\u4E32,\uF905,,,,,,,
\u4E39,\uF95E,,,,,,,
\u4E43,\u8FFA,\u5EFC,,,,,,
\u4E45,\u4E46,,,,,,,
\u4E58,\u4E57,,,,,,,
\u4E7E,\u5E72,\u4E79,\u4E81,\u5E79,\u69A6,,,
\u4E82,\u4E71,\uF91B,,,,,,
\u4E8B,\u53D3,\u4E8A,,,,,,
\u4E8C,\u5F0D,\u8CB3,\u8D30,\u5F10,\u8CAE,,,
\u4E8E,\u4E90,\u65BC,\u6275,,,,,
\u4E94,\u4F0D,,,,,,,
\u4E95,\u4E3C,,,,,,,
\u4E99,\u4E98,,,,,,,
\u4E9E,\u4E9A,\u4E9C,,,,,,
\u4E9F,\u710F,,,,,,,
\u4EA1,\u4EBE,\u5166,,,,,,
\u4EAB,\u4EAF,,,,,,,
\u4EAC,\u4EB0,,,,,,,
\u4EAE,\uF977,,,,,,,
\u4EB7,\u5EC9,\uF9A2,,,,,,
\u4EC1,\u5FC8,,,,,,,
\u4EC3,\u505C,,,,,,,
\u4EC7,\u8B8E,\u8B90,\u96E0,,,,,
\u4ECE,\u5F9E,\u5F93,,,,,,
\u4ED9,\u50CA,,,,,,,
\u4EDE,\u4EED,,,,,,,
\u4EE4,\uF9A8,,,,,,,
\u4EFB,\u4EFC,,,,,,,
\u4EFF,\u5F77,\u9AE3,\u5023,,,,,
\u4F38,\u62BB,,,,,,,
\u4F47,\u4F2B,,,,,,,
\u4F48,\u5E03,,,,,,,
\u4F4E,\u4EFE,,,,,,,
\u4F54,\u5360,,,,,,,
\u4F5B,\u4ECF,,,,,,,
\u4F5E,\u4FAB,,,,,,,
\u4F60,\u4F32,,,,,,,
\u4F86,\u6765,\u5008,\u5FA0,\u5F95,\u4FEB,\uF92D,,
\u4F8B,\uF9B5,,,,,,,
\u4F96,\u4ED1,,,,,,,
\u4FB6,\u4FA3,,,,,,,
\u4FBF,\uF965,,,,,,,
\u4FC1,\u4FE3,,,,,,,
\u4FCE,\u723C,,,,,,,
\u4FD4,\u4F23,,,,,,,
\u4FDE,\u516A,,,,,,,
\u4FDF,\u7AE2,,,,,,,
\u4FE0,\u4FA0,,,,,,,
\u4FE1,\u4F29,,,,,,,
\u4FE5,\u4F21,,,,,,,
\u4FEE,\u8129,,,,,,,
\u4FF1,\u5036,,,,,,,
\u5000,\u4F25,,,,,,,
\u5005,\u4F1C,,,,,,,
\u5006,\u4FE9,,,,,,,
\u5009,\u4ED3,,,,,,,
\u500B,\u4E2A,\u7B87,,,,,,
\u5011,\u4EEC,,,,,,,
\u5016,\u5E78,,,,,,,
\u502B,\u4F26,\uF9D4,,,,,,
\u503C,\u5024,,,,,,,
\u5047,\u4EEE,,,,,,,
\u5049,\u4F1F,,,,,,,
\u5074,\u4FA7,,,,,,,
\u5075,\u4FA6,,,,,,,
\u5077,\u5078,,,,,,,
\u507D,\u4F2A,\u50DE,,,,,,
\u5091,\u6770,,,,,,,
\u5096,\u4F27,,,,,,,
\u5098,\u4F1E,,,,,,,
\u5099,\u5907,\u5079,\u4FFB,,,,,
\u50A2,\u5BB6,,,,,,,
\u50A4,\u510E,,,,,,,
\u50AD,\u4F63,,,,,,,
\u50AF,\u506C,,,,,,,
\u50B3,\u4F20,\u4F1D,,,,,,
\u50B4,\u4F1B,,,,,,,
\u50B5,\u503A,,,,,,,
\u50B7,\u4F24,,,,,,,
\u50BE,\u503E,,,,,,,
\u50C2,\u507B,,,,,,,
\u50C5,\u4EC5,,,,,,,
\u50C9,\u4F65,,,,,,,
\u50CD,\u4EC2,,,,,,,
\u50CF,\u8C61,,,,,,,
\u50D1,\u4FA8,,,,,,,
\u50D5,\u4EC6,,,,,,,
\u50DA,\uF9BB,,,,,,,
\u50E5,\u4FA5,\u510C,\u5FBA,,,,,
\u50E8,\u507E,,,,,,,
\u50ED,\u50E3,,,,,,,
\u50F9,\u4EF7,\u4FA1,,,,,,
\u5100,\u4EEA,,,,,,,
\u5101,\u4FCA,,,,,,,
\u5102,\u4FAC,,,,,,,
\u5104,\u4EBF,,,,,,,
\u5108,\u4FA9,,,,,,,
\u5109,\u4FED,\u5039,,,,,,
\u510D,\u50BB,,,,,,,
\u5110,\u50A7,,,,,,,
\u5114,\u4FE6,,,,,,,
\u5115,\u4FAA,,,,,,,
\u5118,\u5C3D,\u4FAD,\u76E1,,,,,
\u511F,\u507F,,,,,,,
\u512A,\u4F18,,,,,,,
\u5132,\u50A8,,,,,,,
\u5137,\u4FEA,,,,,,,
\u5138,\u3469,,,,,,,
\u513A,\u50A9,,,,,,,
\u513B,\u50A5,,,,,,,
\u513C,\u4FE8,,,,,,,
\u5140,\uFA0C,,,,,,,
\u5147,\u51F6,,,,,,,
\u5149,\u706E,\u7097,,,,,,
\u514C,\u5151,,,,,,,
\u5152,\u513F,\u5150,,,,,,
\u5154,\u514E,,,,,,,
\u5157,\u5156,,,,,,,
\u5167,\u5185,,,,,,,
\u5169,\u4E24,\u4E21,\uF978,,,,,
\u516B,\u634C,,,,,,,
\u516D,\uF9D1,,,,,,,
\u5176,\u4E0C,\u4E93,,,,,,
\u5179,\u8332,\u7386,,,,,,
\u5180,\u517E,,,,,,,
\u518C,\u518A,\u7B27,,,,,,
\u5191,\u80C4,,,,,,,
\u5192,\u5190,,,,,,,
\u51AA,\u7F83,\u5E42,,,,,,
\u51B0,\u6C37,,,,,,,
\u51B1,\u6C8D,\u51B4,,,,,,
\u51B7,\uF92E,,,,,,,
\u51CC,\uF955,,,,,,,
\u51CD,\u51BB,,,,,,,
\u51DC,\u51DB,\uF954,,,,,,
\u51DE,\uFA15,,,,,,,
\u51E1,\u51E2,\u51E3,,,,,,
\u51F1,\u51EF,,,,,,,
\u51FA,\u5C80,,,,,,,
\u51FD,\u51FE,,,,,,,
\u5200,\u5202,,,,,,,
\u5203,\u5204,,,,,,,
\u5207,\uFA00,,,,,,,
\u5208,\u82C5,,,,,,,
\u520A,\u520B,,,,,,,
\u5217,\uF99C,,,,,,,
\u5225,\u522B,,,,,,,
\u5229,\uF9DD,,,,,,,
\u522A,\u5220,,,,,,,
\u5231,\u524F,\u5259,,,,,,
\u5238,\u52B5,,,,,,,
\u5241,\u5234,,,,,,,
\u5244,\u522D,,,,,,,
\u5247,\u5219,,,,,,,
\u524B,\u514B,\u5C05,,,,,,
\u524E,\u5239,,,,,,,
\u525B,\u521A,,,,,,,
\u525D,\u5265,,,,,,,
\u5269,\u8CF8,\u5270,,,,,,
\u526E,\u5250,,,,,,,
\u5274,\u5240,,,,,,,
\u5275,\u521B,,,,,,,
\u527F,\u52E6,,,,,,,
\u5283,\u5212,\u756B,\u753B,\u7575,,,,
\u5287,\u5267,,,,,,,
\u5289,\u5218,\uF9C7,,,,,,
\u528A,\u523D,,,,,,,
\u528C,\u523F,,,,,,,
\u528D,\u5251,\u5294,\u91FC,\u5271,\u5263,\u91D6,,
\u528F,\u34E5,,,,,,,
\u5291,\u5242,\u5264,,,,,,
\u529A,\u3509,,,,,,,
\u529B,\uF98A,,,,,,,
\u52A3,\uF99D,,,,,,,
\u52AB,\u5226,\u523C,\u5227,,,,,
\u52C1,\u52B2,,,,,,,
\u52C3,\u8274,,,,,,,
\u52D2,\uF952,,,,,,,
\u52D5,\u52A8,,,,,,,
\u52D7,\u6702,,,,,,,
\u52D9,\u52A1,,,,,,,
\u52DB,\u52CB,\u52F3,\u52F2,,,,,
\u52DD,\u80DC,,,,,,,
\u52DE,\u52B3,\u52B4,\uF92F,,,,,
\u52E2,\u52BF,,,,,,,
\u52E4,\u61C3,,,,,,,
\u52E9,\u52DA,,,,,,,
\u52F5,\u52B1,\u52A2,\u52F1,\uF97F,,,,
\u52F8,\u529D,\u52E7,,,,,,
\u52FB,\u5300,,,,,,,
\u5306,\u6031,\u60A4,,,,,,
\u5317,\uF963,,,,,,,
\u532D,\u5326,,,,,,,
\u532F,\u6C47,\u5F59,\u5F5A,\u6ED9,,,,
\u5331,\u532E,,,,,,,
\u5339,\u758B,,,,,,,
\u533F,\uF9EB,,,,,,,
\u5340,\u533A,,,,,,,
\u5341,\u62FE,\uF973,,,,,,
\u5343,\u4EDF,,,,,,,
\u5347,\u6607,\u965E,,,,,,
\u534D,\u5350,,,,,,,
\u5352,\u5346,,,,,,,
\u5354,\u534F,\u604A,,,,,,
\u535A,\u613D,,,,,,,
\u536E,\u5DF5,,,,,,,
\u536F,\u5918,\u623C,,,,,,
\u5375,\uF91C,,,,,,,
\u5378,\u7F37,,,,,,,
\u537B,\u5374,,,,,,,
\u537D,\u5373,,,,,,,
\u5384,\u9628,,,,,,,
\u5399,\u538D,,,,,,,
\u53AD,\u538C,,,,,,,
\u53B2,\u5389,,,,,,,
\u53B4,\u53A3,,,,,,,
\u53BB,\u53BA,,,,,,,
\u53C3,\u53C2,\u53C1,\u84E1,\u53C4,\uF96B,,,
\u53DD,\u544A,\u543F,,,,,,
\u53DF,\u53DC,,,,,,,
\u53E2,\u4E1B,,,,,,,
\u53E5,\u52FE,\uF906,,,,,,
\u53EA,\u6B62,\u7957,\u96BB,\u8879,,,,
\u53F0,\u81FA,\u98B1,\u6AAF,\u67B1,,,,
\u5403,\u55AB,,,,,,,
\u540C,\u4EDD,\u8855,,,,,,
\u540F,\uF9DE,,,,,,,
\u5412,\u54A4,,,,,,,
\u541D,\u608B,\uF9ED,,,,,,
\u541E,\u5451,,,,,,,
\u5433,\u5434,\u5449,,,,,,
\u5436,\u5450,,,,,,,
\u5442,\u5415,\uF980,,,,,,
\u5446,\u7343,\u9A03,,,,,,
\u5471,\u54CC,,,,,,,
\u5475,\u8A36,\u55EC,\u8BC3,,,,,
\u547C,\u8656,\u5611,\u8B3C,,,,,
\u548C,\u9FA2,,,,,,,
\u5492,\u546A,,,,,,,
\u54A8,\u8AEE,\u8C18,,,,,,
\u54AC,\u9F69,,,,,,,
\u54AF,\u8A7B,,,,,,,
\u54BC,\u5459,,,,,,,
\u54C4,\u95A7,\u9B28,,,,,,
\u54E1,\u5458,,,,,,,
\u54FA,\u545A,,,,,,,
\u5504,\u5457,,,,,,,
\u5507,\u8123,,,,,,,
\u5509,\u6B38,\u8A92,\u8BF6,,,,,
\u551A,\u5423,,,,,,,
\u5527,\u559E,,,,,,,
\u5537,\u5539,,,,,,,
\u554F,\u95EE,,,,,,,
\u5553,\u542F,\u555F,\u5554,,,,,
\u5556,\u5557,,,,,,,
\u555E,\u54D1,\u5516,,,,,,
\u5562,\u5521,,,,,,,
\u556F,\u5613,,,,,,,
\u5583,\u5AD0,\u5A1A,,,,,,
\u5584,\u8B71,,,,,,,
\u5587,\uF90B,,,,,,,
\u558E,\u359E,,,,,,,
\u559A,\u5524,,,,,,,
\u559C,\u6199,\u6198,,,,,,
\u55A7,\u5405,\u8AE0,,,,,,
\u55AA,\u4E27,,,,,,,
\u55AC,\u4E54,,,,,,,
\u55AE,\u5355,\u5358,,,,,,
\u55B2,\u54DF,,,,,,,
\u55BB,\u55A9,,,,,,,
\u55C0,\uFA0D,,,,,,,
\u55C6,\u545B,,,,,,,
\u55C7,\u556C,,,,,,,
\u55CA,\u551D,,,,,,,
\u55CE,\u5417,,,,,,,
\u55DA,\u545C,,,,,,,
\u55E3,\u5B60,,,,,,,
\u55E9,\u5522,,,,,,,
\u55F6,\u54D4,,,,,,,
\u5606,\u53F9,,,,,,,
\u560D,\u55BD,,,,,,,
\u560E,\u5C1C,,,,,,,
\u5614,\u5455,,,,,,,
\u5616,\u5567,,,,,,,
\u5617,\u5C1D,\u751E,,,,,,
\u561C,\u551B,,,,,,,
\u562E,\u5520,,,,,,,
\u562F,\u5578,\u5628,,,,,,
\u5630,\u53FD,,,,,,,
\u5634,\u5480,,,,,,,
\u5635,\u54D3,,,,,,,
\u5638,\u5452,,,,,,,
\u563D,\u5574,,,,,,,
\u5645,\u5655,,,,,,,
\u5653,\u5618,,,,,,,
\u565A,\u358A,,,,,,,
\u565D,\u549D,,,,,,,
\u5660,\u54D2,,,,,,,
\u5665,\u54DD,,,,,,,
\u5666,\u54D5,,,,,,,
\u5668,\u5650,,,,,,,
\u566A,\u8B5F,,,,,,,
\u566F,\u55F3,,,,,,,
\u5672,\u54D9,,,,,,,
\u5674,\u55B7,,,,,,,
\u5678,\u5428,,,,,,,
\u5679,\u5F53,\u7576,,,,,,
\u5680,\u549B,,,,,,,
\u5687,\u5413,,,,,,,
\u568C,\u54DC,,,,,,,
\u568F,\u5694,,,,,,,
\u5695,\u565C,,,,,,,
\u5699,\u556E,\u56D3,\u9F67,,,,,
\u56A5,\u54BD,\uF99E,,,,,,
\u56A6,\u5456,,,,,,,
\u56A8,\u5499,,,,,,,
\u56AE,\u5411,\u66CF,,,,,,
\u56B2,\u4EB8,,,,,,,
\u56B3,\u55BE,,,,,,,
\u56B4,\u4E25,\u53B3,,,,,,
\u56B6,\u5624,,,,,,,
\u56C0,\u556D,,,,,,,
\u56C1,\u55EB,,,,,,,
\u56C2,\u56A3,\u56BB,,,,,,
\u56C5,\u5181,,,,,,,
\u56C8,\u5453,,,,,,,
\u56C9,\u7F57,\u5570,\u7F85,\uF90F,,,,
\u56CA,\u56A2,,,,,,,
\u56D1,\u5631,,,,,,,
\u56DB,\u8086,\u4E96,,,,,,
\u56DE,\u56EC,\u8FF4,\u9025,\u5EFB,\u56D8,\u5EFD,,
\u56E0,\u56D9,,,,,,,
\u56EA,\u56F1,,,,,,,
\u56F9,\uF9A9,,,,,,,
\u5707,\u56F5,,,,,,,
\u5708,\u570F,,,,,,,
\u570B,\u56EF,\u5700,\u56FD,,,,,
\u570D,\u56F4,\u56F2,,,,,,
\u5712,\u56ED,,,,,,,
\u5713,\u5706,\u570E,\u5186,,,,,
\u5716,\u56FE,\u56F3,,,,,,
\u5718,\u56E2,\u56E3,\u7CF0,,,,,
\u5740,\u962F,,,,,,,
\u5751,\u962C,,,,,,,
\u5782,\u57C0,,,,,,,
\u5793,\u9654,,,,,,,
\u579C,\u579B,,,,,,,
\u57A0,\u573B,,,,,,,
\u57B5,\u57EF,,,,,,,
\u57D2,\u57D3,,,,,,,
\u57E1,\u57AD,,,,,,,
\u57F7,\u6267,,,,,,,
\u5805,\u575A,,,,,,,
\u5807,\u83EB,,,,,,,
\u580A,\u57A9,,,,,,,
\u5816,\u57B4,,,,,,,
\u581D,\u57DA,,,,,,,
\u582F,\u5C27,\u5C2D,,,,,,
\u5830,\u5895,,,,,,,
\u5831,\u62A5,,,,,,,
\u5834,\u573A,\u5872,,,,,,
\u5846,\u58EA,,,,,,,
\u5848,\u588D,,,,,,,
\u584A,\u5757,\u51F7,,,,,,
\u584B,\u8314,,,,,,,
\u584F,\u57B2,,,,,,,
\u5852,\u57D8,,,,,,,
\u5854,\u5896,,,,,,,
\u5857,\u6D82,\u51C3,,,,,,
\u585A,\u51A2,\uFA10,,,,,,
\u585C,\u5873,,,,,,,
\u585E,\uF96C,,,,,,,
\u5862,\u575E,,,,,,,
\u5864,\u57D9,,,,,,,
\u586B,\u5861,,,,,,,
\u5875,\u5C18,,,,,,,
\u5879,\u5811,,,,,,,
\u588A,\u57AB,,,,,,,
\u589C,\u5760,,,,,,,
\u589E,\u5897,,,,,,,
\u58AE,\u5815,,,,,,,
\u58B3,\u575F,,,,,,,
\u58BA,\u572B,,,,,,,
\u58BE,\u57A6,,,,,,,
\u58C7,\u575B,\u7F4E,\u7F48,\u58DC,,,,
\u58CB,\u57B1,,,,,,,
\u58D3,\u538B,\u5727,,,,,,
\u58D8,\u5792,\u5841,\uF94A,,,,,
\u58D9,\u5739,,,,,,,
\u58DA,\u5786,,,,,,,
\u58DE,\u574F,\u58CA,\u576F,,,,,
\u58DF,\u5784,\uF942,,,,,,
\u58E0,\u5785,,,,,,,
\u58E2,\u575C,,,,,,,
\u58E4,\u58CC,,,,,,,
\u58E9,\u575D,\u57BB,,,,,,
\u58EF,\u58EE,,,,,,,
\u58FA,\u58F6,\u58F7,,,,,,
\u58FC,\u58F8,,,,,,,
\u58FD,\u5BFF,\u5900,,,,,,
\u5910,\u657B,,,,,,,
\u591A,\u591B,,,,,,,
\u591C,\u4EB1,,,,,,,
\u5920,\u591F,,,,,,,
\u5922,\u68A6,\u5923,,,,,,
\u5925,\u4F19,,,,,,,
\u592D,\u6B80,,,,,,,
\u593E,\u5939,,,,,,,
\u5947,\u7AD2,,,,,,,
\u5948,\u67F0,\uF90C,,,,,,
\u5950,\u5942,,,,,,,
\u5951,\uF909,,,,,,,
\u5954,\u7287,\u9029,,,,,,
\u5958,\u5F09,,,,,,,
\u5967,\u5965,,,,,,,
\u5969,\u5941,\u5333,,,,,,
\u596A,\u593A,,,,,,,
\u596C,\u5956,\u5968,\u734E,,,,,
\u596E,\u594B,,,,,,,
\u5973,\uF981,,,,,,,
\u5976,\u511E,\u5B2D,\u59B3,,,,,
\u5978,\u59E7,\u59E6,,,,,,
\u597C,\u59F9,,,,,,,
\u598A,\u59D9,,,,,,,
\u5992,\u59AC,,,,,,,
\u5999,\u7385,,,,,,,
\u599D,\u5986,,,,,,,
\u59CA,\u59C9,,,,,,,
\u59CB,\u4E68,,,,,,,
\u59CD,\u59D7,,,,,,,
\u59EA,\u4F84,,,,,,,
\u59EB,\u59EC,,,,,,,
\u59F8,\u598D,,,,,,,
\u59FB,\u5A63,,,,,,,
\u5A18,\u5B43,\u5B22,,,,,,
\u5A1B,\u5A31,\u5A2F,,,,,,
\u5A1F,\u59E2,,,,,,,
\u5A40,\u5A3F,,,,,,,
\u5A41,\u5A04,,,,,,,
\u5A66,\u5987,\u5A8D,,,,,,
\u5A6D,\u5A05,,,,,,,
\u5A7E,\u5AAE,,,,,,,
\u5A7F,\u58FB,\u805F,,,,,,
\u5AA7,\u5A32,,,,,,,
\u5AAD,\u5B03,,,,,,,
\u5AAF,\u59AB,\u5B00,,,,,,
\u5ABC,\u5AAA,,,,,,,
\u5ABD,\u5988,,,,,,,
\u5AD7,\u59AA,,,,,,,
\u5AF5,\u59A9,,,,,,,
\u5AFB,\u5A34,\u5AFA,,,,,,
\u5AFF,\u5A73,,,,,,,
\u5B08,\u5A06,,,,,,,
\u5B0B,\u5A75,,,,,,,
\u5B0C,\u5A07,,,,,,,
\u5B19,\u5AF1,,,,,,,
\u5B1D,\u5ACB,\u88CA,\u8885,,,,,
\u5B21,\u5AD2,,,,,,,
\u5B24,\u5B37,,,,,,,
\u5B2A,\u5AD4,\u5A26,,,,,,
\u5B30,\u5A74,\u5B7E,,,,,,
\u5B38,\u5A76,,,,,,,
\u5B4C,\u5A08,,,,,,,
\u5B6B,\u5B59,,,,,,,
\u5B73,\u5B76,,,,,,,
\u5B75,\u5B5A,,,,,,,
\u5B78,\u5B66,\u6588,,,,,,
\u5B7C,\u5B7D,,,,,,,
\u5B7F,\u5B6A,,,,,,,
\u5B82,\u5197,,,,,,,
\u5B85,\uFA04,,,,,,,
\u5B9C,\u519D,,,,,,,
\u5BAE,\u5BAB,,,,,,,
\u5BC3,\u51A4,,,,,,,
\u5BC6,\u5BBB,,,,,,,
\u5BC7,\u5BBC,\u51A6,,,,,,
\u5BCC,\u51A8,,,,,,,
\u5BD3,\u5EBD,,,,,,,
\u5BDF,\u8A67,,,,,,,
\u5BE2,\u5BDD,,,,,,,
\u5BE6,\u5B9E,\u5B9F,,,,,,
\u5BE7,\u5B81,\u5BD5,\u5BDC,\uF95F,\uF9AA,,,
\u5BE9,\u5BA1,,,,,,,
\u5BEB,\u5199,\u51A9,,,,,,
\u5BEC,\u5BBD,\u5BDB,,,,,,
\u5BEE,\uF9BC,,,,,,,
\u5BF5,\u5BA0,,,,,,,
\u5BF6,\u5B9D,\u5BF3,,,,,,
\u5C07,\u5C06,,,,,,,
\u5C08,\u4E13,\u5C02,,,,,,
\u5C0B,\u5BFB,,,,,,,
\u5C0D,\u5BF9,\u5BFE,,,,,,
\u5C0E,\u5BFC,,,,,,,
\u5C19,\u5C1A,,,,,,,
\u5C25,\u5C26,,,,,,,
\u5C2A,\u5C2B,,,,,,,
\u5C37,\u5C34,,,,,,,
\u5C3F,\u6EBA,\u8132,\u6C3D,\uF9BD,\uF9EC,,,
\u5C46,\u5C4A,,,,,,,
\u5C4D,\u5C38,,,,,,,
\u5C5B,\u5C4F,\u6452,,,,,,
\u5C5C,\u5C49,,,,,,,
\u5C62,\u5C61,\uF94B,,,,,,
\u5C64,\u5C42,,,,,,,
\u5C65,\uF9DF,,,,,,,
\u5C68,\u5C66,,,,,,,
\u5C6C,\u5C5E,,,,,,,
\u5C6D,\u5C53,\u5C43,,,,,,
\u5C7B,\u5C76,,,,,,,
\u5C90,\u6B67,,,,,,,
\u5CA1,\u5188,\u5D17,\u5C97,,,,,
\u5CAB,\u5CC0,,,,,,,
\u5CE8,\u5CE9,,,,,,,
\u5CF4,\u5C98,,,,,,,
\u5CF6,\u5C9B,\u5D8B,\u5D8C,,,,,
\u5CFD,\u5CE1,,,,,,,
\u5D07,\u5D08,,,,,,,
\u5D0D,\u5D03,,,,,,,
\u5D0E,\u57FC,\u7895,\u5D5C,,,,,
\u5D11,\u5D10,,,,,,,
\u5D16,\u5D15,,,,,,,
\u5D19,\u5D18,\uF9D5,,,,,,
\u5D20,\u5CBD,\u5D2C,,,,,,
\u5D22,\u5CE5,,,,,,,
\u5D33,\u5D5B,,,,,,,
\u5D46,\u5D47,,,,,,,
\u5D50,\u5C9A,\uF921,,,,,,
\u5D6F,\u5D73,,,,,,,
\u5D81,\u5D5D,,,,,,,
\u5D84,\u5D2D,,,,,,,
\u5D94,\u5D5A,\u5D1F,,,,,,
\u5D97,\u5D02,,,,,,,
\u5DA0,\u5CE4,,,,,,,
\u5DA2,\u5CE3,,,,,,,
\u5DA7,\u5CC4,\u5CF0,\u5CEF,,,,,
\u5DA8,\u5CC3,,,,,,,
\u5DAE,\u5D04,,,,,,,
\u5DB4,\u5C99,,,,,,,
\u5DB8,\u5D58,,,,,,,
\u5DBA,\u5CAD,\u5CBA,\uF9AB,,,,,
\u5DBC,\u5C7F,,,,,,,
\u5DBD,\u5CB3,,,,,,,
\u5DCB,\u5CBF,,,,,,,
\u5DD2,\u5CE6,,,,,,,
\u5DD4,\u5DC5,\u5DD3,,,,,,
\u5DD6,\u5CA9,\u5DCC,,,,,,
\u5DE1,\u5EF5,,,,,,,
\u5DE2,\u5DE3,,,,,,,
\u5DE8,\u9245,\u949C,,,,,,
\u5DF0,\u5DEF,,,,,,,
\u5DF4,\u7B06,\u82AD,,,,,,
\u5DFD,\u5DFA,,,,,,,
\u5E1A,\u83F7,,,,,,,
\u5E25,\u5E05,,,,,,,
\u5E2B,\u5E08,,,,,,,
\u5E33,\u5E10,\u8CEC,\u8D26,,,,,
\u5E36,\u5E26,\u5E2F,,,,,,
\u5E40,\u5E27,,,,,,,
\u5E43,\u5E0F,,,,,,,
\u5E57,\u5E3C,,,,,,,
\u5E58,\u5E3B,,,,,,,
\u5E5F,\u5E1C,,,,,,,
\u5E62,\u6A66,,,,,,,
\u5E63,\u5E01,\u5E64,,,,,,
\u5E6B,\u5E2E,\u5E47,\u5E5A,,,,,
\u5E6C,\u5E31,,,,,,,
\u5E74,\u79CA,\uF995,\uF98E,,,,,
\u5E7D,\u51FC,,,,,,,
\u5E7E,\u51E0,,,,,,,
\u5E8A,\u7240,,,,,,,
\u5E97,\u576B,,,,,,,
\u5EA6,\uFA0B,\u5ED3,\uFA01,,,,,
\u5EA7,\u5750,,,,,,,
\u5EAB,\u5E93,,,,,,,
\u5EB5,\u83F4,,,,,,,
\u5EB6,\u5EBB,,,,,,,
\u5EC1,\u5395,\u53A0,,,,,,
\u5EC2,\u53A2,,,,,,,
\u5EC4,\u5ECF,\u53A9,\u5ED0,,,,,
\u5EC8,\u53A6,,,,,,,
\u5ECA,\uF928,,,,,,,
\u5ECE,\u5EBC,,,,,,,
\u5EDA,\u53A8,,,,,,,
\u5EDD,\u53AE,,,,,,,
\u5EDF,\u5E99,\u5EBF,,,,,,
\u5EE0,\u5382,\u53B0,,,,,,
\u5EE1,\u5E91,,,,,,,
\u5EE2,\u5E9F,\u5EC3,,,,,,
\u5EE3,\u5E7F,\u5E83,,,,,,
\u5EEC,\u5E90,\uF982,,,,,,
\u5EF3,\u5385,\u539B,\u5E81,\u5EF0,,,,
\u5EFF,\u5EFE,\u5344,,,,,,
\u5F04,\uF943,,,,,,,
\u5F12,\u5F11,,,,,,,
\u5F26,\u7D43,,,,,,,
\u5F33,\u5F2A,,,,,,,
\u5F35,\u5F20,,,,,,,
\u5F37,\u5F4A,\u5F3A,,,,,,
\u5F48,\u5F39,\u5F3E,,,,,,
\u5F4C,\u5F25,\u7030,,,,,,
\u5F4E,\u5F2F,,,,,,,
\u5F50,\u5F51,,,,,,,
\u5F57,\u7BF2,,,,,,,
\u5F5D,\u5F5C,\u5F5E,\u5F5B,,,,,
\u5F60,\u5F5F,,,,,,,
\u5F65,\u5F66,,,,,,,
\u5F6C,\u4EFD,,,,,,,
\u5F72,\u5F68,,,,,,,
\u5F7F,\u9AF4,,,,,,,
\u5F80,\u8FEC,\u5F83,,,,,,
\u5F8B,\uF9D8,,,,,,,
\u5F8C,\u540E,,,,,,,
\u5F91,\u5F84,\u9015,\u8FF3,,,,,
\u5FA9,\u590D,\u8907,\u8986,\uF966,,,,
\u5FB5,\u5F81,\u5FB4,,,,,,
\u5FB7,\u60EA,\u5FB3,\u60B3,,,,,
\u5FB9,\u5F7B,,,,,,,
\u5FC3,\u5FC4,,,,,,,
\u5FF5,\uF9A3,,,,,,,
\u6012,\uF960,,,,,,,
\u6016,\u6091,,,,,,,
\u601D,\u6056,,,,,,,
\u602A,\u6060,,,,,,,
\u6042,\u609B,,,,,,,
\u6046,\u6052,,,,,,,
\u6064,\u8CC9,\u5379,,,,,,
\u6065,\u803B,,,,,,,
\u607F,\u52C8,\u6142,,,,,,
\u6096,\u6102,,,,,,,
\u609E,\u60AE,,,,,,,
\u609F,\u5FE2,,,,,,,
\u60A6,\u6071,\u6085,,,,,,
\u60B4,\u5FF0,,,,,,,
\u60B5,\u6005,,,,,,,
\u60B6,\u95F7,,,,,,,
\u60E0,\u6075,,,,,,,
\u60E1,\u6076,\u60AA,\u5641,\uF9B9,,,,
\u60F1,\u607C,\u60A9,,,,,,
\u60F2,\u607D,,,,,,,
\u60FB,\u607B,,,,,,,
\u6108,\u7652,\u7609,,,,,,
\u610F,\u60A5,,,,,,,
\u6111,\u6139,,,,,,,
\u611B,\u7231,,,,,,,
\u611C,\u60EC,,,,,,,
\u6127,\u5ABF,,,,,,,
\u6134,\u6006,,,,,,,
\u6137,\u607A,,,,,,,
\u613C,\u661A,\u7718,\u614E,,,,,
\u613E,\u5FFE,,,,,,,
\u614B,\u6001,,,,,,,
\u614D,\u6120,,,,,,,
\u6158,\u60E8,,,,,,,
\u615A,\u60ED,\u6159,,,,,,
\u615F,\u6078,\u6185,,,,,,
\u6163,\u60EF,,,,,,,
\u6164,\u60AB,\u6128,,,,,,
\u616A,\u6004,,,,,,,
\u616B,\u6002,,,,,,,
\u616E,\u8651,,,,,,,
\u6173,\u60AD,,,,,,,
\u6176,\u5E86,,,,,,,
\u617D,\u617C,,,,,,,
\u617E,\u6B32,,,,,,,
\u6182,\u5FE7,,,,,,,
\u618A,\u60EB,,,,,,,
\u6190,\u601C,\uF98F,\uF9AC,,,,,
\u6191,\u51ED,\u617F,\u51F4,,,,,
\u6192,\u6126,,,,,,,
\u6196,\u616D,,,,,,,
\u619A,\u60EE,,,,,,,
\u61A4,\u6124,,,,,,,
\u61A9,\u6187,,,,,,,
\u61AB,\u60AF,,,,,,,
\u61AE,\u6003,,,,,,,
\u61B2,\u5BAA,,,,,,,
\u61B6,\u5FC6,,,,,,,
\u61C7,\u6073,,,,,,,
\u61C9,\u5E94,\u5FDC,,,,,,
\u61CC,\u603F,,,,,,,
\u61CD,\u61D4,,,,,,,
\u61DF,\u603C,,,,,,,
\u61E3,\u61D1,,,,,,,
\u61E8,\u6079,,,,,,,
\u61F2,\u60E9,,,,,,,
\u61F6,\u61D2,\u5B3E,\uF90D,,,,,
\u61F7,\u6000,\u61D0,,,,,,
\u61F8,\u60AC,,,,,,,
\u61FA,\u5FCF,\u61F4,,,,,,
\u61FC,\u60E7,\u6133,,,,,,
\u61FE,\u6151,,,,,,,
\u6200,\u604B,\uF990,,,,,,
\u6207,\u6206,,,,,,,
\u6214,\u620B,,,,,,,
\u621B,\u621E,,,,,,,
\u6227,\u6217,,,,,,,
\u6229,\u622C,,,,,,,
\u622E,\u52E0,\uF9D2,,,,,,
\u6230,\u6218,\u6226,,,,,,
\u6232,\u620F,\u622F,\u6231,,,,,
\u6236,\u6237,\u6238,,,,,,
\u623E,\u623B,,,,,,,
\u6241,\u78A5,,,,,,,
\u6250,\u6738,,,,,,,
\u625B,\u6443,,,,,,,
\u625E,\u634D,\u64C0,,,,,,
\u6260,\u640B,,,,,,,
\u626F,\u64A6,,,,,,,
\u6289,\u5214,,,,,,,
\u62B1,\u6294,\u638A,,,,,,
\u62B5,\u627A,,,,,,,
\u62C2,\u6255,,,,,,,
\u62C9,\u67C6,\uF925,,,,,,
\u62CB,\u629B,,,,,,,
\u62D0,\u67B4,,,,,,,
\u62D3,\u646D,\uFA02,,,,,,
\u62D4,\u629C,,,,,,,
\u62D6,\u62D5,,,,,,,
\u62DA,\u6283,,,,,,,
\u62DC,\u62DD,,,,,,,
\u62F4,\u63CE,,,,,,,
\u62FF,\u62CF,\uF95B,,,,,,
\u6305,\u6306,,,,,,,
\u6329,\u635D,,,,,,,
\u6331,\u6332,,,,,,,
\u633E,\u631F,,,,,,,
\u6343,\u651F,,,,,,,
\u634A,\u6299,,,,,,,
\u636B,\u626A,,,,,,,
\u6372,\u5377,\u5DFB,,,,,,
\u6376,\u6425,,,,,,,
\u637B,\uF9A4,,,,,,,
\u6383,\u626B,,,,,,,
\u6384,\u62A1,,,,,,,
\u638F,\u642F,,,,,,,
\u6397,\u631C,,,,,,,
\u6398,\u6485,,,,,,,
\u6399,\u6323,,,,,,,
\u639B,\u6302,,,,,,,
\u639E,\u5261,,,,,,,
\u63A0,\uF975,,,,,,,
\u63A1,\u91C7,\u91C6,\u57F0,,,,,
\u63C0,\u62E3,,,,,,,
\u63D2,\u6271,\u633F,\u63F7,,,,,
\u63DA,\u626C,,,,,,,
\u63DB,\u6362,,,,,,,
\u63ED,\u63B2,,,,,,,
\u63EE,\u6325,,,,,,,
\u63EF,\u6404,,,,,,,
\u640D,\u635F,,,,,,,
\u6414,\u63BB,,,,,,,
\u6416,\u6447,,,,,,,
\u6417,\u6363,\u64E3,,,,,,
\u641C,\u635C,,,,,,,
\u642D,\u6428,,,,,,,
\u6432,\u6528,,,,,,,
\u6435,\u63FE,,,,,,,
\u6436,\u62A2,,,,,,,
\u6451,\u63B4,,,,,,,
\u645C,\u63BC,,,,,,,
\u645F,\u6402,,,,,,,
\u646F,\u631A,,,,,,,
\u6473,\u62A0,\u630E,,,,,,
\u6476,\u629F,,,,,,,
\u647B,\u63BA,,,,,,,
\u6488,\u635E,,,,,,,
\u648F,\u6326,,,,,,,
\u6490,\u6491,,,,,,,
\u6493,\u6320,,,,,,,
\u649A,\uF991,,,,,,,
\u649D,\u39D1,,,,,,,
\u649F,\u6322,,,,,,,
\u64A3,\u63B8,,,,,,,
\u64A5,\u62E8,,,,,,,
\u64AB,\u629A,\u62CA,,,,,,
\u64B2,\u6251,\u6534,,,,,,
\u64B3,\u63FF,,,,,,,
\u64BB,\u631E,,,,,,,
\u64BE,\u631D,,,,,,,
\u64BF,\u6361,,,,,,,
\u64C1,\u62E5,,,,,,,
\u64C4,\u63B3,\uF930,,,,,,
\u64C6,\u64AF,,,,,,,
\u64C7,\u62E9,\u629E,,,,,,
\u64CA,\u51FB,\u6483,,,,,,
\u64CB,\u6321,,,,,,,
\u64D3,\u39DF,,,,,,,
\u64D4,\u62C5,,,,,,,
\u64DA,\u636E,\u62E0,,,,,,
\u64E0,\u6324,,,,,,,
\u64EC,\u62DF,\u5117,,,,,,
\u64EF,\u6448,,,,,,,
\u64F0,\u62E7,,,,,,,
\u64F1,\u6401,,,,,,,
\u64F2,\u63B7,,,,,,,
\u64F4,\u6269,\u62E1,,,,,,
\u64F7,\u64B7,,,,,,,
\u64FA,\u6446,,,,,,,
\u64FB,\u64DE,,,,,,,
\u64FC,\u64B8,,,,,,,
\u64FE,\u6270,,,,,,,
\u6504,\u6445,,,,,,,
\u6506,\u64B5,,,,,,,
\u650F,\u62E2,,,,,,,
\u6514,\u62E6,,,,,,,
\u6516,\u6484,,,,,,,
\u6519,\u6400,,,,,,,
\u651B,\u64BA,,,,,,,
\u651C,\u643A,,,,,,,
\u651D,\u6444,\u6442,,,,,,
\u6522,\u6512,\u6505,,,,,,
\u6523,\u631B,,,,,,,
\u6524,\u644A,,,,,,,
\u652A,\u6405,\u64B9,,,,,,
\u652C,\u63FD,,,,,,,
\u6535,\u590A,,,,,,,
\u6536,\u53CE,,,,,,,
\u6548,\u52B9,\u4FF2,,,,,,
\u654E,\u6559,,,,,,,
\u654F,\u52C4,,,,,,,
\u6553,\u655A,,,,,,,
\u6555,\u52C5,,,,,,,
\u6557,\u8D25,,,,,,,
\u6558,\u53D9,\u654D,,,,,,
\u6560,\u656A,,,,,,,
\u6567,\u69E3,,,,,,,
\u6569,\u6585,\u6586,,,,,,
\u6573,\u6571,,,,,,,
\u6575,\u654C,,,,,,,
\u6577,\u65C9,,,,,,,
\u6578,\u6570,\uF969,,,,,,
\u657A,\u657F,\u657D,,,,,,
\u6582,\u655B,\u6B5B,,,,,,
\u6583,\u6BD9,,,,,,,
\u6595,\u6593,,,,,,,
\u6599,\uF9BE,,,,,,,
\u65A4,\u89D4,\u7B4B,,,,,,
\u65AC,\u65A9,,,,,,,
\u65B2,\u65B5,,,,,,,
\u65B7,\u65AD,,,,,,,
\u65C5,\uF983,,,,,,,
\u65DB,\u65D9,,,,,,,
\u65E2,\u65E3,,,,,,,
\u65ED,\u65EE,\u65EF,,,,,,
\u6613,\uF9E0,,,,,,,
\u6620,\u668E,,,,,,,
\u6625,\u65FE,\u8405,,,,,,
\u662F,\u6630,,,,,,,
\u6642,\u65F6,,,,,,,
\u6643,\u6644,,,,,,,
\u6645,\u6685,,,,,,,
\u6649,\u664B,,,,,,,
\u6652,\u66EC,,,,,,,
\u665A,\u6669,,,,,,,
\u665D,\u663C,,,,,,,
\u666E,\u669C,,,,,,,
\u6670,\u6662,,,,,,,
\u6674,\uFA12,\u591D,,,,,,
\u6684,\u714A,,,,,,,
\u6688,\u6655,\uF9C5,,,,,,
\u6689,\u6656,,,,,,,
\u668B,\u5FDE,,,,,,,
\u6696,\u7156,,,,,,,
\u6697,\u667B,\u95C7,,,,,,
\u6698,\u65F8,,,,,,,
\u66A2,\u7545,\u6636,,,,,,
\u66A4,\u66CD,,,,,,,
\u66AB,\u6682,,,,,,,
\u66B4,\uFA06,,,,,,,
\u66C1,\u66A8,,,,,,,
\u66C4,\u6654,\u66C5,,,,,,
\u66C6,\u5386,\u66A6,\u6B77,\u6B74,\uF98B,\uF98C,,
\u66C7,\u6619,,,,,,,
\u66C9,\u6653,\u6681,,,,,,
\u66D6,\u66A7,,,,,,,
\u66E0,\u65F7,\u663F,,,,,,
\u66E8,\u663D,,,,,,,
\u66F3,\u66F5,,,,,,,
\u66F4,\uF901,,,,,,,
\u66F8,\u4E66,,,,,,,
\u66F9,\u66FA,,,,,,,
\u66FE,\u66FD,,,,,,,
\u6701,\u661D,,,,,,,
\u6703,\u4F1A,,,,,,,
\u6710,\u80CA,,,,,,,
\u6712,\u80AD,,,,,,,
\u6717,\u6716,\uF929,,,,,,
\u671B,\u6722,,,,,,,
\u671F,\u671E,,,,,,,
\u6727,\u80E7,,,,,,,
\u6729,\u7B49,,,,,,,
\u672C,\u694D,\u5932,,,,,,
\u6732,\u6741,,,,,,,
\u6735,\u6736,,,,,,,
\u6745,\u572C,\u6859,,,,,,
\u674E,\uF9E1,,,,,,,
\u676F,\u686E,\u76C3,,,,,,
\u6771,\u4E1C,,,,,,,
\u677B,\uF9C8,,,,,,,
\u677E,\u6780,\u67A9,\u9B06,,,,,
\u678F,\u6960,,,,,,,
\u6792,\u4E2B,\u690F,\u6860,,,,,
\u6797,\uF9F4,,,,,,,
\u67AE,\u6A86,,,,,,,
\u67BE,\u67FF,,,,,,,
\u67C3,\u5D87,\u5C96,\u5CB4,,,,,
\u67CF,\u6822,,,,,,,
\u67E5,\u6942,\u67FB,,,,,,
\u67E9,\u67FE,,,,,,,
\u67F3,\u687A,\u6801,\uF9C9,,,,,
\u67F4,\u8308,,,,,,,
\u67F5,\u6805,,,,,,,
\u6803,\u6764,,,,,,,
\u6817,\u6144,\uF9D9,\uF9DA,,,,,
\u6838,\u69C5,\u8988,,,,,,
\u6851,\u6852,,,,,,,
\u686A,\u6A33,,,,,,,
\u687F,\u6746,,,,,,,
\u6881,\u6A11,\uF97A,,,,,,
\u6885,\u6973,,,,,,,
\u6894,\u6800,,,,,,,
\u6898,\u67A7,,,,,,,
\u689D,\u6761,,,,,,,
\u689F,\u67AD,,,,,,,
\u68A8,\uF9E2,,,,,,,
\u68B2,\u68C1,,,,,,,
\u68C4,\u5F03,,,,,,,
\u68CB,\u68CA,\u7881,,,,,,
\u68D0,\u7BDA,,,,,,,
\u68D5,\u6936,,,,,,,
\u68D6,\u67A8,,,,,,,
\u68D7,\u67A3,,,,,,,
\u68DF,\u680B,,,,,,,
\u68E7,\u6808,\u685F,,,,,,
\u68EC,\u684A,,,,,,,
\u68F0,\u7BA0,,,,,,,
\u68F1,\u7A1C,\uF956,,,,,,
\u68F2,\u6816,,,,,,,
\u68F6,\u68BE,,,,,,,
\u68F9,\u684C,\u6AC2,,,,,,
\u6912,\u832D,,,,,,,
\u691D,\u69FC,,,,,,,
\u694A,\u6768,,,,,,,
\u6953,\u67AB,,,,,,,
\u695A,\u6918,,,,,,,
\u6965,\u6966,,,,,,,
\u6968,\u6862,,,,,,,
\u696D,\u4E1A,,,,,,,
\u6975,\u6781,,,,,,,
\u6985,\u69B2,,,,,,,
\u6986,\u6961,,,,,,,
\u69AA,\u6769,,,,,,,
\u69AE,\u8363,\u6804,,,,,,
\u69B4,\u6A4A,,,,,,,
\u69BF,\u6864,,,,,,,
\u69CB,\u6784,\u6406,,,,,,
\u69CD,\u67AA,,,,,,,
\u69D3,\u6760,,,,,,,
\u69D4,\u6A70,\u6855,,,,,,
\u69D9,\u69C7,,,,,,,
\u69DC,\u6A87,,,,,,,
\u69E4,\u68BF,,,,,,,
\u69E7,\u6920,,,,,,,
\u69E8,\u6901,,,,,,,
\u69EA,\u6982,,,,,,,
\u69F3,\u6868,,,,,,,
\u69F6,\u6922,,,,,,,
\u6A01,\u6869,,,,,,,
\u6A02,\u4E50,\u697D,\uF914,\uF95C,\uF9BF,,,
\u6A05,\u679E,,,,,,,
\u6A12,\u6AC1,,,,,,,
\u6A13,\u697C,\uF94C,,,,,,
\u6A19,\u6807,,,,,,,
\u6A1E,\u67A2,,,,,,,
\u6A21,\u6A45,,,,,,,
\u6A23,\u6837,\u69D8,,,,,,
\u6A2B,\u67FD,\u6A89,,,,,,
\u6A38,\u6734,\u6A8F,,,,,,
\u6A39,\u6811,,,,,,,
\u6A3A,\u6866,,,,,,,
\u6A3D,\u58AB,\u7F47,,,,,,
\u6A3F,\u692B,,,,,,,
\u6A47,\u9792,\u97BD,,,,,,
\u6A48,\u6861,,,,,,,
\u6A4B,\u6865,,,,,,,
\u6A5F,\u673A,,,,,,,
\u6A62,\u692D,\u6955,,,,,,
\u6A6B,\u6A2A,,,,,,,
\u6A6F,\u8022,\u802E,,,,,,
\u6A77,\u8538,,,,,,,
\u6A81,\u6AA9,,,,,,,
\u6A94,\u6863,,,,,,,
\u6A9C,\u6867,\u681D,,,,,,
\u6A9F,\u69DA,,,,,,,
\u6AA2,\u68C0,\u691C,,,,,,
\u6AA3,\u6A2F,,,,,,,
\u6AA5,\u8264,\u8223,,,,,,
\u6AAE,\u68BC,,,,,,,
\u6AB3,\u69DF,\u68B9,,,,,,
\u6AB8,\u67E0,,,,,,,
\u6ABB,\u69DB,,,,,,,
\u6ABC,\u6AFD,,,,,,,
\u6AC3,\u67DC,,,,,,,
\u6AD3,\u6A79,\u826A,\u826B,\u8263,\u6A10,\u823B,\u822E,\uF931
\u6ADA,\u6988,,,,,,,
\u6ADB,\u6809,,,,,,,
\u6ADD,\u691F,,,,,,,
\u6ADE,\u6A7C,,,,,,,
\u6ADF,\u680E,\u6AAA,,,,,,
\u6AE5,\u6AC9,\u6A71,,,,,,
\u6AE7,\u69E0,,,,,,,
\u6AE8,\u680C,\u67A6,,,,,,
\u6AEA,\u67A5,,,,,,,
\u6AEB,\u6A65,,,,,,,
\u6AEC,\u6987,,,,,,,
\u6AF3,\u680A,\u69DE,,,,,,
\u6AF8,\u6989,\u6B05,,,,,,
\u6AFA,\u68C2,\u6B1E,,,,,,
\u6AFB,\u6A31,\u685C,,,,,,
\u6B04,\u680F,\uF91D,,,,,,
\u6B0A,\u6743,\u6A29,,,,,,
\u6B0F,\u6924,,,,,,,
\u6B16,\u6984,,,,,,,
\u6B23,\u5FFB,,,,,,,
\u6B3D,\u94A6,,,,,,,
\u6B49,\u6B20,\u7F3A,,,,,,
\u6B50,\u6B27,,,,,,,
\u6B5F,\u6B24,,,,,,,
\u6B61,\u6B22,\u61FD,\u8B99,\u9A69,\u6B53,,,
\u6B65,\u6B69,,,,,,,
\u6B72,\u5C81,\u4E97,\u6B73,,,,,
\u6B78,\u5F52,\u5E30,\u7688,,,,,
\u6B79,\u6B7A,,,,,,,
\u6B7F,\u6B81,,,,,,,
\u6B98,\u6B8B,,,,,,,
\u6BA4,\u6B87,,,,,,,
\u6BA8,\u3C6E,,,,,,,
\u6BAB,\u6B9A,,,,,,,
\u6BAE,\u6B93,\uF9A5,,,,,,
\u6BAF,\u6BA1,,,,,,,
\u6BB0,\u3C69,,,,,,,
\u6BB2,\u6B7C,\u6BB1,,,,,,
\u6BBA,\u6740,\uF970,,,,,,
\u6BBC,\u58F3,\u6BBB,,,,,,
\u6BC0,\u6BC1,,,,,,,
\u6BC6,\u6BB4,,,,,,,
\u6BCF,\u6BCE,,,,,,,
\u6BD4,\u5936,,,,,,,
\u6BD7,\u6BD8,,,,,,,
\u6BFF,\u6BF5,,,,,,,
\u6C08,\u6BE1,\u6C0A,,,,,,
\u6C0C,\u6C07,,,,,,,
\u6C23,\u6C14,\u6C17,,,,,,
\u6C2B,\u6C22,,,,,,,
\u6C2C,\u6C29,,,,,,,
\u6C33,\u6C32,,,,,,,
\u6C3B,\u6CD0,,,,,,,
\u6C59,\u6C5A,\u6C61,,,,,,
\u6C6F,\u6D64,,,,,,,
\u6C74,\u6C73,,,,,,,
\u6C7A,\u51B3,,,,,,,
\u6C92,\u6CA1,,,,,,,
\u6CB1,\u6CB2,,,,,,,
\u6CB5,\u6FD4,,,,,,,
\u6CC1,\u51B5,\u6E5F,,,,,,
\u6CC4,\u6D29,\u6E2B,,,,,,
\u6CCA,\u6FFC,\u6CFA,,,,,,
\u6CCC,\uF968,,,,,,,
\u6CDB,\u6C4E,\u6C3E,,,,,,
\u6CE5,\uF9E3,,,,,,,
\u6CEF,\u51BA,,,,,,,
\u6D0C,\u51BD,,,,,,,
\u6D1B,\uF915,,,,,,,
\u6D1E,\uFA05,,,,,,,
\u6D2A,\u6D1A,,,,,,,
\u6D34,\u6CD9,,,,,,,
\u6D36,\u6C79,,,,,,,
\u6D41,\uF9CA,,,,,,,
\u6D5A,\u6FEC,,,,,,,
\u6D63,\u6FA3,,,,,,,
\u6D69,\u6F94,,,,,,,
\u6D6A,\uF92A,,,,,,,
\u6D79,\u6D43,,,,,,,
\u6D85,\u6E7C,,,,,,,
\u6D87,\u6CFE,,,,,,,
\u6D89,\u6E09,,,,,,,
\u6D95,\u6D1F,,,,,,,
\u6D9A,\u6D97,,,,,,,
\u6DB8,\u51C5,,,,,,,
\u6DBC,\u51C9,\uF979,,,,,,
\u6DCB,\uF9F5,,,,,,,
\u6DD2,\u51C4,\u60BD,,,,,,
\u6DDA,\u6CEA,\u6D99,\uF94D,,,,,
\u6DE1,\u6FB9,,,,,,,
\u6DE8,\u6D44,\u51C0,\u51C8,,,,,
\u6DEA,\u6CA6,\uF9D6,,,,,,
\u6DEB,\u6EDB,\u5A6C,,,,,,
\u6DF5,\u6E0A,\u6E15,,,,,,
\u6DF6,\u6D9E,,,,,,,
\u6DF8,\u6E05,,,,,,,
\u6DFA,\u6D45,,,,,,,
\u6E19,\u6DA3,,,,,,,
\u6E1B,\u51CF,,,,,,,
\u6E22,\u6CA8,,,,,,,
\u6E26,\u6DA1,,,,,,,
\u6E2C,\u6D4B,,,,,,,
\u6E34,\u6E07,,,,,,,
\u6E38,\u904A,\u9030,,,,,,
\u6E3E,\u6D51,,,,,,,
\u6E44,\u6EA6,,,,,,,
\u6E4A,\u51D1,,,,,,,
\u6E5E,\u6D48,,,,,,,
\u6E67,\u6D8C,,,,,,,
\u6E6F,\u6C64,,,,,,,
\u6E81,\u6FDA,,,,,,,
\u6E88,\u6CA9,\u6F59,,,,,,
\u6E90,\u6C85,\u53B5,,,,,,
\u6E96,\u51C6,\u51D6,,,,,,
\u6E9C,\u6F91,\uF9CB,,,,,,
\u6E9D,\u6C9F,,,,,,,
\u6EAA,\u5D60,\u6E13,,,,,,
\u6EAB,\u6E29,,,,,,,
\u6EAE,\u6D49,,,,,,,
\u6EAF,\u6CDD,\u9061,,,,,,
\u6EB3,\u6DA2,,,,,,,
\u6EBC,\u6E7F,\u6FD5,,,,,,
\u6EC4,\u6CA7,,,,,,,
\u6EC5,\u706D,,,,,,,
\u6ECC,\u6DA4,,,,,,,
\u6ECE,\u8365,,,,,,,
\u6ED1,\u78C6,\uF904,,,,,,
\u6EEC,\u6CAA,,,,,,,
\u6EEF,\u6EDE,,,,,,,
\u6EF2,\u6E17,,,,,,,
\u6EF8,\u6D52,,,,,,,
\u6EFB,\u6D50,,,,,,,
\u6EFE,\u6EDA,,,,,,,
\u6EFF,\u6EE1,\u6E80,,,,,,
\u6F01,\u6E14,,,,,,,
\u6F06,\u67D2,,,,,,,
\u6F09,\u6DE5,\u6E0C,,,,,,
\u6F0A,\u6E87,,,,,,,
\u6F0F,\uF94E,,,,,,,
\u6F11,\u6E89,,,,,,,
\u6F1A,\u6CA4,,,,,,,
\u6F22,\u6C49,,,,,,,
\u6F23,\u6D9F,\uF992,,,,,,
\u6F2C,\u6E0D,,,,,,,
\u6F31,\u6F44,,,,,,,
\u6F32,\u6DA8,,,,,,,
\u6F35,\u6E86,,,,,,,
\u6F38,\u6E10,,,,,,,
\u6F3E,\u7001,,,,,,,
\u6F3F,\u6D46,,,,,,,
\u6F40,\u6F68,,,,,,,
\u6F41,\u988D,,,,,,,
\u6F51,\u6CFC,\u6E8C,,,,,,
\u6F54,\u6D01,,,,,,,
\u6F5B,\u6F5C,\u6FF3,,,,,,
\u6F5F,\u6F99,,,,,,,
\u6F62,\u6D38,,,,,,,
\u6F64,\u6DA6,,,,,,,
\u6F6F,\u6D54,,,,,,,
\u6F70,\u6E83,,,,,,,
\u6F77,\u6ED7,,,,,,,
\u6F7F,\u6DA0,,,,,,,
\u6F80,\u6DA9,\u6F81,\u6E0B,\u6FC7,\u7012,,,
\u6F84,\u6F82,\u7013,,,,,,
\u6F86,\u6D47,,,,,,,
\u6F87,\u6D9D,,,,,,,
\u6F97,\u6DA7,,,,,,,
\u6F9B,\u7002,,,,,,,
\u6FA0,\u6E11,,,,,,,
\u6FA4,\u6CFD,\u6CA2,,,,,,
\u6FA6,\u6EEA,,,,,,,
\u6FA9,\u6CF6,,,,,,,
\u6FAE,\u6D4D,,,,,,,
\u6FB0,\u6F4B,\u7032,,,,,,
\u6FB1,\u6DC0,,,,,,,
\u6FC1,\u6D4A,,,,,,,
\u6FC3,\u6D53,,,,,,,
\u6FD8,\u6CDE,,,,,,,
\u6FDC,\u6D55,,,,,,,
\u6FDE,\u6DE0,,,,,,,
\u6FDF,\u6D4E,\u6E08,,,,,,
\u6FE4,\u6D9B,,,,,,,
\u6FE9,\u9800,,,,,,,
\u6FEB,\u6EE5,\uF922,,,,,,
\u6FF0,\u6F4D,,,,,,,
\u6FF1,\u6EE8,\u6FF5,\u6D5C,,,,,
\u6FFA,\u6E85,,,,,,,
\u6FFE,\u6EE4,\uF984,,,,,,
\u7005,\u6EE2,,,,,,,
\u7006,\u6E0E,\u6D9C,,,,,,
\u7007,\u3CBF,,,,,,,
\u7009,\u6CFB,,,,,,,
\u700B,\u6C88,\u6E16,\u6C89,\uF972,,,,
\u700F,\u6D4F,\u56A0,,,,,,
\u7015,\u6FD2,,,,,,,
\u7018,\u6CF8,,,,,,,
\u701D,\u6CA5,,,,,,,
\u701F,\u6F47,,,,,,,
\u7020,\u6F46,,,,,,,
\u7026,\u6F74,,,,,,,
\u7027,\u6CF7,\u6EDD,,,,,,
\u7028,\u6FD1,\u702C,,,,,,
\u703E,\u6F9C,,,,,,,
\u7043,\u6CA3,,,,,,,
\u7044,\u6EE0,,,,,,,
\u704C,\u6F45,,,,,,,
\u7051,\u6D12,,,,,,,
\u7054,\u6EDF,\u7067,\u704E,\u7069,,,,
\u7055,\u6F13,,,,,,,
\u7058,\u6EE9,,,,,,,
\u705D,\u704F,,,,,,,
\u7060,\u6F24,,,,,,,
\u7063,\u6E7E,,,,,,,
\u7064,\u6EE6,\u6B12,\u683E,,,,,
\u7076,\u7AC8,\u7AC3,,,,,,
\u707D,\u707E,\u70D6,,,,,,
\u7096,\u71C9,,,,,,,
\u7099,\uF9FB,,,,,,,
\u70AE,\u70B0,\u792E,\u7832,,,,,
\u70AF,\u70F1,,,,,,,
\u70B2,\u70B1,,,,,,,
\u70BA,\u4E3A,\u7232,,,,,,
\u70C8,\uF99F,,,,,,,
\u70CF,\u4E4C,,,,,,,
\u70D9,\uF916,,,,,,,
\u70F4,\u70C3,,,,,,,
\u711A,\u71CC,,,,,,,
\u7121,\u65E0,,,,,,,
\u7126,\u7133,,,,,,,
\u712D,\u7162,\u8315,,,,,,
\u7130,\u7114,,,,,,,
\u7149,\u70BC,\u934A,\u932C,\uF993,\uF99B,,,
\u7152,\u709C,,,,,,,
\u7159,\u70DF,\u83F8,\u852B,,,,,
\u715A,\u715B,,,,,,,
\u7165,\u7115,\u70C9,,,,,,
\u7167,\u70A4,,,,,,,
\u7169,\u70E6,,,,,,,
\u716C,\u7080,,,,,,,
\u716E,\u7151,,,,,,,
\u7171,\u3DBD,,,,,,,
\u717D,\u6247,\u6427,,,,,,
\u7185,\u7174,,,,,,,
\u7192,\u8367,,,,,,,
\u7197,\u709D,,,,,,,
\u7199,\u7155,\u7188,,,,,,
\u71B1,\u70ED,,,,,,,
\u71B2,\u988E,,,,,,,
\u71B9,\u71BA,,,,,,,
\u71BE,\u70BD,,,,,,,
\u71C1,\u70E8,,,,,,,
\u71C8,\u706F,,,,,,,
\u71CE,\u5C1E,\uF9C0,,,,,,
\u71D0,\uF9EE,,,,,,,
\u71D2,\u70E7,\u713C,,,,,,
\u71D5,\u8B8C,\u91BC,\u9DF0,,,,,
\u71D9,\u70EB,,,,,,,
\u71DC,\u7116,,,,,,,
\u71DF,\u8425,\u55B6,,,,,,
\u71E3,\u71F7,,,,,,,
\u71E6,\u707F,,,,,,,
\u71ED,\u70DB,,,,,,,
\u71F4,\u70E9,,,,,,,
\u71F6,\u3DB6,,,,,,,
\u71FB,\u718F,,,,,,,
\u71FC,\u70EC,,,,,,,
\u71FD,\u71FE,\u7118,,,,,,
\u720D,\u70C1,,,,,,,
\u7210,\u7089,\uF932,,,,,,
\u721B,\u70C2,\u71D7,\uF91E,,,,,
\u722D,\u4E89,,,,,,,
\u723A,\u7237,,,,,,,
\u723E,\u5C14,\u5C12,\u5C13,,,,,
\u723F,\u4E2C,,,,,,,
\u7246,\u5899,\u58BB,,,,,,
\u7258,\u724D,,,,,,,
\u7260,\u5B83,,,,,,,
\u7262,\uF946,,,,,,,
\u7274,\u7F9D,\u89DD,,,,,,
\u727D,\u7275,,,,,,,
\u7281,\u7282,,,,,,,
\u7296,\u8366,,,,,,,
\u729B,\u6C02,\u9AE6,\u7266,,,,,
\u72A2,\u728A,,,,,,,
\u72A7,\u727A,\u72A0,,,,,,
\u72AC,\u72AD,,,,,,,
\u72C0,\u72B6,\uF9FA,,,,,,
\u72F9,\u72ED,,,,,,,
\u72FC,\uF92B,,,,,,,
\u72FD,\u72C8,,,,,,,
\u7319,\u72F0,,,,,,,
\u7336,\u72B9,,,,,,,
\u733B,\u72F2,,,,,,,
\u733E,\u72EF,\u736A,,,,,,
\u7341,\u72B8,,,,,,,
\u7344,\u72F1,,,,,,,
\u7345,\u72EE,,,,,,,
\u7368,\u72EC,,,,,,,
\u736B,\u7303,,,,,,,
\u736E,\u72DD,,,,,,,
\u7370,\u72DE,,,,,,,
\u7371,\u3E8D,,,,,,,
\u7372,\u83B7,\u7A6B,,,,,,
\u7375,\u730E,\u731F,\uF9A7,,,,,
\u7377,\u72B7,,,,,,,
\u7378,\u517D,\u7363,,,,,,
\u737A,\u736D,,,,,,,
\u737B,\u732E,,,,,,,
\u737C,\u7315,,,,,,,
\u7380,\u7321,,,,,,,
\u7387,\uF961,\uF9DB,,,,,,
\u739F,\u73C9,,,,,,,
\u73B2,\uF9AD,,,,,,,
\u73CD,\u73CE,,,,,,,
\u73DE,\uF917,,,,,,,
\u73F6,\u7445,,,,,,,
\u73FE,\u73B0,,,,,,,
\u7403,\u6BEC,,,,,,,
\u7405,\u746F,,,,,,,
\u7406,\uF9E4,,,,,,,
\u7409,\uF9CC,,,,,,,
\u7434,\u73E1,,,,,,,
\u743A,\u73D0,,,,,,,
\u743F,\u73F2,,,,,,,
\u7447,\u73B3,,,,,,,
\u744B,\u73AE,,,,,,,
\u7452,\u739A,,,,,,,
\u7459,\u78AF,,,,,,,
\u7460,\u74A2,,,,,,,
\u7463,\u7410,,,,,,,
\u7464,\u7476,,,,,,,
\u7469,\u83B9,\uF9AE,,,,,,
\u746A,\u739B,,,,,,,
\u7472,\u73B1,,,,,,,
\u7478,\u74B8,,,,,,,
\u7486,\u746C,,,,,,,
\u7489,\u740F,\uF994,,,,,,
\u7498,\uF9EF,,,,,,,
\u74A1,\u740E,,,,,,,
\u74A3,\u7391,,,,,,,
\u74A6,\u7477,,,,,,,
\u74AB,\u73F0,,,,,,,
\u74B0,\u73AF,,,,,,,
\u74B5,\u7399,,,,,,,
\u74BD,\u73BA,,,,,,,
\u74CA,\u743C,,,,,,,
\u74CF,\u73D1,,,,,,,
\u74D4,\u748E,\u73F1,,,,,,
\u74DA,\u74D2,,,,,,,
\u74F6,\u7F3E,\u7501,,,,,,
\u74F7,\u7506,,,,,,,
\u750C,\u74EF,,,,,,,
\u751A,\u4EC0,\uF9FD,,,,,,
\u7522,\u4EA7,\u7523,,,,,,
\u7526,\u8607,\u82CF,\u8613,\u56CC,,,,
\u754C,\u583A,\u754D,,,,,,
\u7559,\u7544,\uF9CD,,,,,,
\u755D,\u4EA9,\u756E,\u7546,\u7542,\u7552,,,
\u7562,\u6BD5,,,,,,,
\u7565,\u7567,\uF976,,,,,,
\u756A,\u8E6F,\u7568,,,,,,
\u756C,\u7572,\u756D,,,,,,
\u7570,\u5F02,\uF962,,,,,,
\u7587,\u7574,,,,,,,
\u758A,\u8FED,\u53E0,\u7582,\u7589,\u7573,\u66E1,,
\u758F,\u758E,\u8E08,,,,,,
\u75A3,\u80AC,,,,,,,
\u75B4,\u75FE,,,,,,,
\u75D9,\u75C9,,,,,,,
\u75E2,\uF9E5,,,,,,,
\u75E9,\u7626,,,,,,,
\u75F2,\u75F3,,,,,,,
\u75F4,\u7661,,,,,,,
\u7601,\u75A9,,,,,,,
\u7602,\u75D6,,,,,,,
\u760B,\u75AF,,,,,,,
\u760D,\u75A1,,,,,,,
\u7613,\u75EA,,,,,,,
\u761E,\u7617,,,,,,,
\u7621,\u75AE,,,,,,,
\u7624,\u7645,,,,,,,
\u7627,\u759F,,,,,,,
\u762E,\u7606,,,,,,,
\u7632,\u75AD,,,,,,,
\u763B,\u7618,\u763A,,,,,,
\u7642,\u7597,\uF9C1,,,,,,
\u7646,\u75E8,,,,,,,
\u7647,\u75EB,,,,,,,
\u7649,\u7605,\u75B8,,,,,,
\u7658,\u75A0,,,,,,,
\u765B,\u765D,,,,,,,
\u765F,\u762A,,,,,,,
\u7662,\u75D2,,,,,,,
\u7664,\u7596,,,,,,,
\u7665,\u75C7,,,,,,,
\u7667,\u75AC,,,,,,,
\u7669,\u765E,\uF90E,,,,,,
\u766C,\u7663,,,,,,,
\u766D,\u763F,,,,,,,
\u766E,\u763E,,,,,,,
\u7670,\u75C8,,,,,,,
\u7671,\u762B,,,,,,,
\u7672,\u766B,,,,,,,
\u767C,\u53D1,\u767A,\u9AEE,\u9AEA,\u5F42,,,
\u767E,\u4F70,,,,,,,
\u7682,\u7681,,,,,,,
\u768B,\u7690,,,,,,,
\u769A,\u7691,,,,,,,
\u769E,\u76A1,,,,,,,
\u76B0,\u75B1,,,,,,,
\u76B8,\u76B2,\u76B9,,,,,,
\u76BA,\u76B1,,,,,,,
\u76CA,\uFA17,,,,,,,
\u76CC,\u6900,,,,,,,
\u76CD,\u76C7,,,,,,,
\u76DC,\u76D7,,,,,,,
\u76DE,\u76CF,,,,,,,
\u76E3,\u76D1,,,,,,,
\u76E4,\u76D8,,,,,,,
\u76E7,\u5362,\uF933,,,,,,
\u76EA,\u862F,,,,,,,
\u7701,\uF96D,,,,,,,
\u771E,\u771F,,,,,,,
\u7725,\u7726,,,,,,,
\u773E,\u4F17,\u8846,,,,,,
\u774F,\u56F0,,,,,,,
\u775C,\u7741,,,,,,,
\u775E,\u7750,,,,,,,
\u7762,\u772D,,,,,,,
\u777F,\u53E1,,,,,,,
\u7785,\u77C1,,,,,,,
\u7798,\u770D,,,,,,,
\u779C,\u4056,,,,,,,
\u779E,\u7792,,,,,,,
\u77AA,\u7719,,,,,,,
\u77AD,\u4E86,\u66B8,\uF9BA,,,,,
\u77B6,\u7786,,,,,,,
\u77BC,\u7751,,,,,,,
\u77C8,\u77CF,,,,,,,
\u77D3,\u772C,,,,,,,
\u77DA,\u77A9,,,,,,,
\u77E2,\u7B36,,,,,,,
\u77E9,\u6998,,,,,,,
\u77EE,\u8EB7,,,,,,,
\u77EF,\u77EB,,,,,,,
\u77F4,\u78F8,,,,,,,
\u7808,\u7839,,,,,,,
\u7827,\u78AA,,,,,,,
\u784F,\u784E,\u7814,\u5733,,,,,
\u785C,\u7841,,,,,,,
\u7864,\u7856,,,,,,,
\u7868,\u7817,,,,,,,
\u786B,\uF9CE,,,,,,,
\u786C,\u5CFA,,,,,,,
\u786F,\u781A,,,,,,,
\u7875,\u78E0,,,,,,,
\u788C,\uF93B,,,,,,,
\u788E,\u7815,,,,,,,
\u78A9,\u7855,,,,,,,
\u78AD,\u7800,,,,,,,
\u78B8,\u781C,,,,,,,
\u78BA,\u786E,,,,,,,
\u78BC,\u7801,,,,,,,
\u78C1,\u7920,,,,,,,
\u78CA,\uF947,,,,,,,
\u78D1,\u7859,,,,,,,
\u78DA,\u7816,,,,,,,
\u78E3,\u789C,,,,,,,
\u78E7,\u789B,,,,,,,
\u78EF,\u77F6,,,,,,,
\u78FB,\uF964,,,,,,,
\u78FD,\u7857,\u589D,,,,,,
\u7904,\u785A,,,,,,,
\u790E,\u7840,,,,,,,
\u7919,\u788D,,,,,,,
\u7921,\u7934,,,,,,,
\u7926,\u77FF,\u945B,\u783F,\u9271,,,,
\u792A,\u783A,\uF985,,,,,,
\u792B,\u783E,,,,,,,
\u792C,\u77FE,,,,,,,
\u7931,\u783B,,,,,,,
\u793A,\u793B,,,,,,,
\u7955,\u79D8,,,,,,,
\u7958,\u7B97,,,,,,,
\u795E,\uFA19,,,,,,,
\u7965,\uFA1A,,,,,,,
\u797A,\u79A5,,,,,,,
\u797F,\u7984,\uF93C,,,,,,
\u798D,\u7978,,,,,,,
\u798E,\u796F,,,,,,,
\u798F,\uFA1B,,,,,,,
\u7995,\u794E,,,,,,,
\u79A1,\u7943,,,,,,,
\u79A6,\u5FA1,,,,,,,
\u79AA,\u7985,,,,,,,
\u79AE,\u793C,\uFA18,\uF9B6,,,,,
\u79B1,\u7977,,,,,,,
\u79BF,\u79C3,,,,,,,
\u79C1,\u53B6,,,,,,,
\u79C8,\u7C7C,,,,,,,
\u79CB,\u9F9D,\u7A50,\u418B,,,,,
\u79F4,\u8020,,,,,,,
\u7A00,\u5E0C,,,,,,,
\u7A02,\u84C8,,,,,,,
\u7A05,\u7A0E,,,,,,,
\u7A08,\u79C6,,,,,,,
\u7A0F,\u4149,,,,,,,
\u7A1A,\u7A49,,,,,,,
\u7A1F,\u7980,\u5EE9,\u5EEA,,,,,
\u7A2E,\u79CD,,,,,,,
\u7A31,\u79F0,,,,,,,
\u7A3B,\u7A32,,,,,,,
\u7A3D,\u4E69,,,,,,,
\u7A3F,\u7A3E,,,,,,,
\u7A40,\u8C37,,,,,,,
\u7A4C,\u7A23,,,,,,,
\u7A4D,\u79EF,,,,,,,
\u7A4E,\u9834,\u9896,\u9895,,,,,
\u7A57,\u7A42,,,,,,,
\u7A60,\u79FE,,,,,,,
\u7A61,\u7A51,,,,,,,
\u7A62,\u79FD,,,,,,,
\u7A69,\u7A33,\u7A4F,,,,,,
\u7A6D,\u7A5E,\u7A06,,,,,,
\u7A70,\u7A63,,,,,,,
\u7A97,\u7A93,,,,,,,
\u7AA9,\u7A9D,,,,,,,
\u7AAA,\u6D3C,,,,,,,
\u7AAE,\u7A77,\u7AC6,,,,,,
\u7AAF,\u7AB0,\u7A91,,,,,,
\u7AB5,\u7A8E,,,,,,,
\u7AB6,\u7AAD,,,,,,,
\u7ABA,\u7AA5,,,,,,,
\u7AC4,\u7A9C,,,,,,,
\u7AC5,\u7A8D,,,,,,,
\u7AC7,\u7AA6,,,,,,,
\u7ACA,\u7A83,,,,,,,
\u7ACB,\uF9F7,,,,,,,
\u7AF6,\u7ADE,\u7AF8,,,,,,
\u7B11,\u54B2,,,,,,,
\u7B20,\uF9F8,,,,,,,
\u7B3B,\u7B47,,,,,,,
\u7B46,\u7B14,,,,,,,
\u7B4D,\u7B0B,,,,,,,
\u7B50,\u7B7A,,,,,,,
\u7B54,\u8345,,,,,,,
\u7B56,\u7B5E,,,,,,,
\u7B59,\u7B82,,,,,,,
\u7B67,\u7B15,,,,,,,
\u7B70,\u7B2E,,,,,,,
\u7B71,\u7BE0,\u7B7F,,,,,,
\u7B74,\u41F2,,,,,,,
\u7B86,\u7BE6,\u7B9F,,,,,,
\u7B8B,\u7B3A,\u693E,\u724B,,,,,
\u7B8F,\u7B5D,,,,,,,
\u7B9A,\u672D,\u5273,,,,,,
\u7B9D,\u94B3,\u9257,,,,,,
\u7BB3,\u7C08,,,,,,,
\u7BC0,\u8282,,,,,,,
\u7BC4,\u8303,,,,,,,
\u7BC6,\u8483,,,,,,,
\u7BC9,\u7B51,,,,,,,
\u7BCB,\u7BA7,,,,,,,
\u7BD4,\u7B7C,,,,,,,
\u7BDB,\u7BAC,,,,,,,
\u7BE1,\u7C12,,,,,,,
\u7BE4,\u7B03,,,,,,,
\u7BE9,\u7B5B,,,,,,,
\u7BEA,\u7AFE,,,,,,,
\u7BF3,\u7B5A,,,,,,,
\u7C00,\u7BA6,,,,,,,
\u7C0D,\u7BD3,,,,,,,
\u7C11,\u84D1,\u7C14,,,,,,
\u7C1E,\u7BAA,,,,,,,
\u7C21,\u7B80,,,,,,,
\u7C23,\u7BD1,,,,,,,
\u7C2A,\u5142,,,,,,,
\u7C2B,\u7BAB,\u7C18,,,,,,
\u7C39,\u7B5C,,,,,,,
\u7C3D,\u7B7E,\u7C64,\u7C56,,,,,
\u7C3E,\u5E18,\uF9A6,,,,,,
\u7C43,\u7BEE,,,,,,,
\u7C4C,\u7B79,,,,,,,
\u7C4F,\u7C31,,,,,,,
\u7C50,\u7C58,,,,,,,
\u7C59,\u7B93,,,,,,,
\u7C5B,\u7BEF,,,,,,,
\u7C5C,\u7BA8,,,,,,,
\u7C5F,\u7C41,,,,,,,
\u7C60,\u7B3C,\u7BED,\uF944,,,,,
\u7C69,\u7B3E,,,,,,,
\u7C6A,\u7C16,,,,,,,
\u7C6C,\u7BF1,,,,,,,
\u7C6D,\u7C1B,,,,,,,
\u7C6E,\u7BA9,,,,,,,
\u7C72,\u5401,,,,,,,
\u7C92,\uF9F9,,,,,,,
\u7C93,\u6CD4,,,,,,,
\u7CA2,\u9908,\u7CCD,,,,,,
\u7CA5,\u9B3B,,,,,,,
\u7CB5,\u7CA4,,,,,,,
\u7CB9,\u7C8B,,,,,,,
\u7CBD,\u7CED,\u7CC9,,,,,,
\u7CBE,\uFA1D,,,,,,,
\u7CD6,\u9939,\uFA03,,,,,,
\u7CDD,\u7CC1,,,,,,,
\u7CDE,\u7CAA,,,,,,,
\u7CE0,\u7A45,,,,,,,
\u7CE7,\u7CAE,\uF97B,,,,,,
\u7CEF,\u7CAB,,,,,,,
\u7CF2,\u7C9D,,,,,,,
\u7CF4,\u7C74,,,,,,,
\u7CF6,\u7C9C,,,,,,,
\u7CFB,\u4FC2,\u7E6B,\u7E4B,,,,,
\u7CFE,\u7EA0,\u7CFA,,,,,,
\u7D00,\u7EAA,,,,,,,
\u7D02,\u7EA3,,,,,,,
\u7D04,\u7EA6,,,,,,,
\u7D05,\u7EA2,,,,,,,
\u7D06,\u7EA1,,,,,,,
\u7D07,\u7EA5,,,,,,,
\u7D08,\u7EA8,,,,,,,
\u7D09,\u7EAB,,,,,,,
\u7D0B,\u7EB9,,,,,,,
\u7D0D,\u7EB3,,,,,,,
\u7D10,\u7EBD,\uF9CF,,,,,,
\u7D13,\u7EBE,,,,,,,
\u7D14,\u7EAF,,,,,,,
\u7D15,\u7EB0,,,,,,,
\u7D16,\u7EBC,,,,,,,
\u7D17,\u7EB1,,,,,,,
\u7D18,\u7EAE,,,,,,,
\u7D19,\u7EB8,\u5E0B,,,,,,
\u7D1A,\u7EA7,,,,,,,
\u7D1B,\u7EB7,,,,,,,
\u7D1C,\u7EAD,,,,,,,
\u7D1D,\u7EB4,,,,,,,
\u7D21,\u7EBA,,,,,,,
\u7D22,\uF96A,,,,,,,
\u7D2E,\u624E,\u7D25,,,,,,
\u7D2F,\u7E8D,\uF94F,,,,,,
\u7D30,\u7EC6,,,,,,,
\u7D31,\u7EC2,,,,,,,
\u7D32,\u7EC1,\u7D4F,,,,,,
\u7D33,\u7EC5,,,,,,,
\u7D35,\u7EBB,,,,,,,
\u7D39,\u7ECD,,,,,,,
\u7D3A,\u7EC0,,,,,,,
\u7D3C,\u7ECB,,,,,,,
\u7D3F,\u7ED0,,,,,,,
\u7D40,\u7ECC,,,,,,,
\u7D42,\u7EC8,,,,,,,
\u7D44,\u7EC4,,,,,,,
\u7D45,\u4339,,,,,,,
\u7D46,\u7ECA,,,,,,,
\u7D4E,\u7ED7,,,,,,,
\u7D50,\u7ED3,,,,,,,
\u7D5B,\u7E27,\u7E1A,\u7EE6,,,,,
\u7D5E,\u7EDE,,,,,,,
\u7D61,\u7EDC,,,,,,,
\u7D62,\u7EDA,,,,,,,
\u7D66,\u7ED9,,,,,,,
\u7D68,\u7ED2,,,,,,,
\u7D70,\u7ED6,,,,,,,
\u7D71,\u7EDF,\u7D82,,,,,,
\u7D72,\u4E1D,\u7CF8,\u7E9F,\u7CF9,,,,
\u7D73,\u7EDB,,,,,,,
\u7D76,\u7EDD,\u7D55,,,,,,
\u7D79,\u7EE2,,,,,,,
\u7D81,\u7ED1,,,,,,,
\u7D83,\u7EE1,,,,,,,
\u7D86,\u7EE0,,,,,,,
\u7D88,\u7EE8,,,,,,,
\u7D8C,\u7EE4,,,,,,,
\u7D8F,\u7EE5,,,,,,,
\u7D90,\u433C,,,,,,,
\u7D91,\u6346,,,,,,,
\u7D93,\u7ECF,\u7D4C,,,,,,
\u7D9C,\u7EFC,,,,,,,
\u7D9E,\u7F0D,,,,,,,
\u7DA0,\u7EFF,\u7DD1,\uF93D,,,,,
\u7DA2,\u7EF8,\u7D2C,\u4337,,,,,
\u7DA3,\u7EFB,,,,,,,
\u7DAC,\u7EF6,,,,,,,
\u7DAD,\u7EF4,,,,,,,
\u7DB0,\u7EFE,,,,,,,
\u7DB1,\u7EB2,,,,,,,
\u7DB2,\u7F51,,,,,,,
\u7DB4,\u7F00,,,,,,,
\u7DB5,\u433D,,,,,,,
\u7DB8,\u7EB6,,,,,,,
\u7DB9,\u7EFA,,,,,,,
\u7DBA,\u7EEE,,,,,,,
\u7DBB,\u7EFD,\u63FA,,,,,,
\u7DBD,\u7EF0,\u6DD6,\u7E5B,,,,,
\u7DBE,\u7EEB,\uF957,,,,,,
\u7DBF,\u7EF5,,,,,,,
\u7DC4,\u7EF2,,,,,,,
\u7DC7,\u7F01,,,,,,,
\u7DCA,\u7D27,,,,,,,
\u7DCB,\u7EEF,,,,,,,
\u7DD3,\u7EEC,,,,,,,
\u7DD6,\u7EEA,\u7DD2,,,,,,
\u7DD7,\u7F03,,,,,,,
\u7DD8,\u7F04,,,,,,,
\u7DD9,\u7F02,,,,,,,
\u7DDA,\u7EBF,\u7DAB,\u7F10,,,,,
\u7DDD,\u7F09,,,,,,,
\u7DDE,\u7F0E,,,,,,,
\u7DE0,\u7F14,,,,,,,
\u7DE1,\u7F17,,,,,,,
\u7DE3,\u7F18,\u7E01,,,,,,
\u7DE6,\u7F0C,,,,,,,
\u7DE8,\u7F16,,,,,,,
\u7DE9,\u7F13,,,,,,,
\u7DEC,\u7F05,,,,,,,
\u7DEF,\u7EAC,,,,,,,
\u7DF1,\u7F11,,,,,,,
\u7DF2,\u7F08,,,,,,,
\u7DF4,\u7EC3,\uF996,,,,,,
\u7DF6,\u7F0F,,,,,,,
\u7DF9,\u7F07,,,,,,,
\u7DFB,\u81F4,,,,,,,
\u7E08,\u8426,,,,,,,
\u7E09,\u7F19,,,,,,,
\u7E0A,\u7F22,,,,,,,
\u7E0B,\u7F12,,,,,,,
\u7E10,\u7EC9,,,,,,,
\u7E11,\u7F23,,,,,,,
\u7E15,\u7DFC,\u7F0A,,,,,,
\u7E17,\u7F1E,,,,,,,
\u7E1B,\u7F1A,,,,,,,
\u7E1D,\u7F1C,\u7A39,,,,,,
\u7E1E,\u7F1F,,,,,,,
\u7E1F,\u7F1B,,,,,,,
\u7E23,\u53BF,\u770C,,,,,,
\u7E2B,\u7F1D,,,,,,,
\u7E2D,\u7F21,,,,,,,
\u7E2E,\u7F29,,,,,,,
\u7E31,\u7EB5,\u7E26,,,,,,
\u7E32,\u7F27,,,,,,,
\u7E33,\u4338,,,,,,,
\u7E35,\u7F26,,,,,,,
\u7E36,\u7D77,,,,,,,
\u7E37,\u7F15,\uF950,,,,,,
\u7E39,\u7F25,,,,,,,
\u7E3D,\u603B,\u6374,\u6403,\u7DCF,\u7E02,,,
\u7E3E,\u7EE9,,,,,,,
\u7E41,\u7DD0,,,,,,,
\u7E43,\u7DB3,\u7EF7,,,,,,
\u7E45,\u7F2B,,,,,,,
\u7E46,\u7F2A,,,,,,,
\u7E47,\u5FAD,,,,,,,
\u7E52,\u7F2F,,,,,,,
\u7E54,\u7EC7,,,,,,,
\u7E55,\u7F2E,,,,,,,
\u7E5A,\u7F2D,,,,,,,
\u7E5E,\u7ED5,,,,,,,
\u7E61,\u7EE3,\u7E4D,\u7D89,,,,,
\u7E69,\u7EF3,\u7E04,,,,,,
\u7E6A,\u7ED8,\u7E62,\u7D75,\u7F0B,,,,
\u7E6D,\u8327,,,,,,,
\u7E6F,\u7F33,,,,,,,
\u7E70,\u7F32,,,,,,,
\u7E73,\u7F34,,,,,,,
\u7E78,\u4341,,,,,,,
\u7E79,\u7ECE,,,,,,,
\u7E7C,\u7EE7,\u7D99,,,,,,
\u7E7D,\u7F24,,,,,,,
\u7E7E,\u7F31,,,,,,,
\u7E87,\u98A3,,,,,,,
\u7E88,\u7F2C,,,,,,,
\u7E8A,\u7EA9,\u7D56,\u7D4B,,,,,
\u7E8C,\u7EED,\u7D9A,,,,,,
\u7E8F,\u7F20,\u7E92,,,,,,
\u7E93,\u7F28,,,,,,,
\u7E94,\u624D,,,,,,,
\u7E96,\u7EA4,\u7E8E,\u7E4A,\u7E34,,,,
\u7E98,\u7F35,\u7E89,,,,,,
\u7E9C,\u7F06,,,,,,,
\u7F3D,\u9262,\u94B5,,,,,,
\u7F4C,\u7F42,\u7516,,,,,,
\u7F50,\u9475,\u7F36,,,,,,
\u7F54,\u7F53,,,,,,,
\u7F65,\u7F82,,,,,,,
\u7F66,\u7F58,,,,,,,
\u7F6A,\u8FA0,,,,,,,
\u7F6E,\u5BD8,,,,,,,
\u7F70,\u7F5A,\u7F78,,,,,,
\u7F75,\u9A82,\u99E1,,,,,,
\u7F76,\u7F80,,,,,,,
\u7F77,\u7F62,,,,,,,
\u7F79,\uF9E6,,,,,,,
\u7F86,\u7F74,,,,,,,
\u7F88,\u7F81,\u898A,\u8989,\u7F87,,,,
\u7F8B,\u8288,,,,,,,
\u7F9A,\uF9AF,,,,,,,
\u7FA4,\u7FA3,,,,,,,
\u7FA5,\u7F9F,,,,,,,
\u7FA8,\u7FA1,,,,,,,
\u7FA9,\u4E49,,,,,,,
\u7FB9,\u7FAE,,,,,,,
\u7FBD,\uFA1E,,,,,,,
\u7FC5,\u7FC4,,,,,,,
\u7FD2,\u4E60,,,,,,,
\u7FE0,\u7FC6,,,,,,,
\u7FEC,\u7FDA,,,,,,,
\u7FF1,\u7FFA,\u7FF6,,,,,,
\u7FF9,\u7FD8,,,,,,,
\u7FFB,\u98DC,\u7E59,,,,,,
\u7FFD,\u7FD9,,,,,,,
\u8000,\u71FF,\u66DC,,,,,,
\u8001,\u8002,\uF934,,,,,,
\u8003,\u6537,,,,,,,
\u8007,\u8008,\u8009,,,,,,
\u8017,\u79CF,,,,,,,
\u8018,\u79D0,,,,,,,
\u8019,\u9200,\u94AF,,,,,,
\u802C,\u8027,,,,,,,
\u8034,\u8037,,,,,,,
\u803D,\u8EAD,,,,,,,
\u803F,\u7085,\u7094,,,,,,
\u8046,\uF9B0,,,,,,,
\u8056,\u5723,,,,,,,
\u805E,\u95FB,,,,,,,
\u806F,\u8054,\u806E,\u806B,\u8068,\uF997,,,
\u8070,\u806A,\u8061,,,,,,
\u8072,\u58F0,,,,,,,
\u8073,\u8038,,,,,,,
\u8075,\u8069,,,,,,,
\u8076,\u8042,,,,,,,
\u8077,\u804C,\u8EC4,\u8040,,,,,
\u8079,\u804D,,,,,,,
\u807D,\u542C,\u8074,\u807C,,,,,
\u807E,\u804B,\uF945,,,,,,
\u807F,\u8080,,,,,,,
\u8085,\u8083,\u7C9B,,,,,,
\u8087,\u8088,,,,,,,
\u8089,\u5B8D,,,,,,,
\u808B,\uF953,,,,,,,
\u8096,\u856D,\u8427,,,,,,
\u80A1,\u8135,,,,,,,
\u80AF,\u80BB,,,,,,,
\u80B2,\u6BD3,,,,,,,
\u80CE,\u5B61,,,,,,,
\u80DD,\u90C5,,,,,,,
\u80DE,\u812C,,,,,,,
\u80E1,\u695C,\u7CCA,\u846B,\u8774,\u9B0D,\u885A,,
\u80ED,\u81D9,,,,,,,
\u80F3,\u8090,,,,,,,
\u80F8,\u80F7,,,,,,,
\u8105,\u80C1,\u8107,,,,,,
\u8108,\u8109,,,,,,,
\u811B,\u80EB,,,,,,,
\u8122,\u8104,,,,,,,
\u8127,\u6718,,,,,,,
\u812B,\u8131,,,,,,,
\u8139,\u80C0,,,,,,,
\u8141,\u80FC,,,,,,,
\u814E,\u80BE,,,,,,,
\u8156,\u80E8,,,,,,,
\u8161,\u8136,,,,,,,
\u8166,\u8111,\u8133,,,,,,
\u816B,\u80BF,,,,,,,
\u8178,\u80A0,\u8193,,,,,,
\u8181,\u80B7,,,,,,,
\u8183,\u817D,,,,,,,
\u8195,\u8158,,,,,,,
\u8198,\u81D5,,,,,,,
\u819A,\u80A4,,,,,,,
\u81A0,\u80F6,,,,,,,
\u81A3,\u815F,,,,,,,
\u81A9,\u817B,,,,,,,
\u81BD,\u80C6,,,,,,,
\u81BE,\u810D,,,,,,,
\u81BF,\u8113,,,,,,,
\u81C9,\u8138,,,,,,,
\u81CD,\u8110,,,,,,,
\u81CF,\u8191,\u9AD5,\u9ACC,,,,,
\u81D8,\u814A,\u81C8,\uF926,,,,,
\u81DA,\u80EA,\u9AD7,,,,,,
\u81DF,\u810F,\u81D3,\u9AD2,,,,,
\u81E0,\u8114,,,,,,,
\u81E2,\u81DC,,,,,,,
\u81E5,\u5367,,,,,,,
\u81E8,\u4E34,\uF9F6,,,,,,
\u81ED,\u81F0,,,,,,,
\u8203,\u8204,,,,,,,
\u8207,\u4E0E,,,,,,,
\u8208,\u5174,,,,,,,
\u8209,\u4E3E,\u64E7,\u6319,,,,,
\u820A,\u65E7,,,,,,,
\u820D,\u820E,\u6368,,,,,,
\u822A,\u6841,,,,,,,
\u8235,\u67C1,,,,,,,
\u8236,\u824A,,,,,,,
\u8239,\u8229,\u8221,,,,,,
\u8259,\u8231,,,,,,,
\u8266,\u8230,,,,,,,
\u826F,\uF97C,,,,,,,
\u8271,\u8270,,,,,,,
\u8278,\u8279,,,,,,,
\u828A,\u831C,,,,,,,
\u828B,\u828C,,,,,,,
\u82B1,\u82B2,,,,,,,
\u82BB,\u520D,,,,,,,
\u82D1,\u83C0,,,,,,,
\u82E5,\uF974,,,,,,,
\u82E7,\u85B4,\u8499,\u82CE,\u6726,\u61DE,\u6FDB,\u77C7,
\u82FA,\u8393,,,,,,,
\u82FD,\u83F0,\u83C7,,,,,,
\u82FF,\u83CB,,,,,,,
\u8302,\u6959,,,,,,,
\u8305,\u8306,\u6CD6,,,,,,
\u8336,\uF9FE,,,,,,,
\u834A,\u8346,,,,,,,
\u8350,\u85A6,,,,,,,
\u8354,\u8318,,,,,,,
\u838A,\u5E84,\u8358,,,,,,
\u8396,\u830E,,,,,,,
\u83A2,\u835A,,,,,,,
\u83A7,\u82CB,,,,,,,
\u83C9,\uF93E,,,,,,,
\u83DF,\u83B5,,,,,,,
\u83EF,\u534E,\u5D0B,,,,,,
\u83F1,\uF958,,,,,,,
\u8407,\u82CC,,,,,,,
\u840A,\u83B1,,,,,,,
\u840C,\u8420,,,,,,,
\u840E,\u837D,,,,,,,
\u841A,\u8600,,,,,,,
\u842C,\u4E07,,,,,,,
\u8434,\u835D,,,,,,,
\u8435,\u83B4,,,,,,,
\u843C,\u855A,,,,,,,
\u843D,\uF918,,,,,,,
\u8449,\u53F6,\uF96E,,,,,,
\u8452,\u836D,,,,,,,
\u8457,\u7740,,,,,,,
\u8464,\u836E,,,,,,,
\u8466,\u82C7,,,,,,,
\u846C,\u585F,,,,,,,
\u8477,\u8364,,,,,,,
\u848D,\u853F,,,,,,,
\u8493,\u83BC,\u84F4,,,,,,
\u8494,\u83B3,,,,,,,
\u849E,\u8385,,,,,,,
\u84B2,\u8386,,,,,,,
\u84BC,\u82CD,,,,,,,
\u84C0,\u836A,,,,,,,
\u84C6,\u5E2D,,,,,,,
\u84CB,\u76D6,\u8462,,,,,,
\u84EE,\u83B2,\uF999,,,,,,
\u84EF,\u82C1,,,,,,,
\u84FC,\uF9C2,,,,,,,
\u84FD,\u835C,,,,,,,
\u8514,\u535C,\u83D4,,,,,,
\u851E,\u848C,,,,,,,
\u8523,\u848B,,,,,,,
\u8525,\u8471,,,,,,,
\u8526,\u8311,\u6A22,,,,,,
\u852D,\u836B,,,,,,,
\u853D,\u8298,\u8406,\u83DD,\u84D6,\u5E87,,,
\u8541,\u8368,,,,,,,
\u8546,\u8487,,,,,,,
\u854A,\u8602,\u854B,,,,,,
\u854E,\u835E,,,,,,,
\u8552,\u836C,,,,,,,
\u8555,\u83B8,,,,,,,
\u8558,\u835B,,,,,,,
\u8562,\u8489,,,,,,,
\u8569,\u8361,,,,,,,
\u856A,\u829C,,,,,,,
\u8577,\u84E3,,,,,,,
\u8580,\u8570,,,,,,,
\u8588,\u835F,,,,,,,
\u858A,\u84DF,,,,,,,
\u858C,\u8297,,,,,,,
\u8591,\u59DC,,,,,,,
\u8594,\u8537,,,,,,,
\u8598,\u8359,,,,,,,
\u859F,\u83B6,,,,,,,
\u85A9,\u8428,,,,,,,
\u85B0,\u85AB,,,,,,,
\u85B3,\u44D5,,,,,,,
\u85BA,\u8360,\u8415,,,,,,
\u85C9,\u501F,\u8024,,,,,,
\u85CD,\u84DD,\uF923,,,,,,
\u85CE,\u8369,,,,,,,
\u85CF,\u8535,,,,,,,
\u85DD,\u827A,\u79C7,\u517F,\u82B8,\u8553,,,
\u85E5,\u836F,\u846F,\u85AC,,,,,
\u85EA,\u85AE,\u7C54,,,,,,
\u85F6,\u82C8,,,,,,,
\u85F9,\u853C,,,,,,,
\u85FA,\u853A,\uF9F0,,,,,,
\u8604,\u8572,,,,,,,
\u8606,\u82A6,\uF935,,,,,,
\u860A,\u8574,\u85F4,,,,,,
\u860B,\u82F9,,,,,,,
\u860F,\u8614,,,,,,,
\u8612,\uFA20,,,,,,,
\u8617,\u6A97,\u6A98,\u8616,\u6AF1,,,,
\u861A,\u85D3,,,,,,,
\u861E,\u8539,,,,,,,
\u8622,\u830F,,,,,,,
\u862D,\u5170,\uF91F,,,,,,
\u863A,\u84E0,,,,,,,
\u863F,\u841D,\uF910,,,,,,
\u8646,\u8502,,,,,,,
\u864E,\u4E55,,,,,,,
\u8650,\u4E47,,,,,,,
\u8655,\u5904,\u51E6,,,,,,
\u865B,\u865A,,,,,,,
\u865C,\u864F,\uF936,,,,,,
\u865F,\u53F7,,,,,,,
\u8667,\u4E8F,,,,,,,
\u866F,\u866C,,,,,,,
\u867A,\u8770,,,,,,,
\u868A,\u87C1,\u87A1,,,,,,
\u868B,\u8739,,,,,,,
\u86CB,\u65E6,,,,,,,
\u86D4,\u8716,,,,,,,
\u86DB,\u9F04,,,,,,,
\u86FA,\u86F1,,,,,,,
\u86FB,\u8715,,,,,,,
\u8706,\u86AC,,,,,,,
\u8718,\u9F05,,,,,,,
\u8731,\u87B5,,,,,,,
\u8755,\u8680,,,,,,,
\u875F,\u732C,,,,,,,
\u8765,\u87CA,,,,,,,
\u8766,\u867E,,,,,,,
\u8768,\u8671,,,,,,,
\u8778,\u8717,,,,,,,
\u8784,\u86F3,,,,,,,
\u878D,\u878E,,,,,,,
\u879E,\u8682,,,,,,,
\u87A2,\u8424,\u86CD,,,,,,
\u87AE,\u45D6,,,,,,,
\u87B3,\u8797,,,,,,,
\u87BA,\uF911,,,,,,,
\u87BB,\u877C,,,,,,,
\u87BF,\u8780,,,,,,,
\u87C4,\u86F0,,,,,,,
\u87C6,\u87C7,,,,,,,
\u87C8,\u8748,,,,,,,
\u87CE,\u87A8,,,,,,,
\u87D2,\u880E,,,,,,,
\u87E3,\u866E,,,,,,,
\u87EC,\u8749,,,,,,,
\u87EF,\u86F2,,,,,,,
\u87F2,\u866B,,,,,,,
\u87F6,\u86CF,,,,,,,
\u87F9,\u880F,,,,,,,
\u87FB,\u8681,,,,,,,
\u8801,\u8683,,,,,,,
\u8805,\u8747,\u877F,,,,,,
\u8806,\u867F,,,,,,,
\u8810,\u86F4,,,,,,,
\u8811,\u877E,,,,,,,
\u881F,\u8721,\u874B,\uF927,,,,,
\u8821,\u87F8,,,,,,,
\u8822,\u60F7,,,,,,,
\u8823,\u86CE,,,,,,,
\u8828,\u87CF,,,,,,,
\u8831,\u86CA,,,,,,,
\u8836,\u8695,\u8745,,,,,,
\u8839,\u8827,,,,,,,
\u883B,\u86EE,,,,,,,
\u8844,\u8842,,,,,,,
\u884A,\u8511,,,,,,,
\u884C,\uFA08,,,,,,,
\u8853,\u672E,\u672F,,,,,,
\u8857,\u4E8D,,,,,,,
\u885B,\u536B,\u885E,,,,,,
\u885D,\u51B2,\u6C96,\u76C5,,,,,
\u8863,\u8864,,,,,,,
\u887D,\u88B5,,,,,,,
\u8896,\u890E,,,,,,,
\u889E,\u886E,,,,,,,
\u88C2,\uF9A0,,,,,,,
\u88CF,\u91CC,\u88E1,\uF9E9,\uF9E7,\uF9E8,,,
\u88D9,\u5E2C,\u88E0,,,,,,
\u88DC,\u8865,,,,,,,
\u88DD,\u88C5,,,,,,,
\u88F4,\u88F5,,,,,,,
\u88F8,\uF912,,,,,,,
\u88FD,\u5236,\u523E,\u523A,\uF9FF,,,,
\u890C,\u88C8,,,,,,,
\u8912,\u8943,,,,,,,
\u8913,\u8934,,,,,,,
\u8918,\u8886,,,,,,,
\u892B,\u88ED,,,,,,,
\u8932,\u88E4,\u7D5D,\u88B4,\u7DAF,\u7ED4,\u7EF9,,
\u8933,\u88E2,,,,,,,
\u8938,\u891B,,,,,,,
\u893B,\u4EB5,,,,,,,
\u8941,\u7E48,\u7E66,,,,,,
\u8947,\u88E5,,,,,,,
\u8949,\u7E5D,,,,,,,
\u894C,\u891D,,,,,,,
\u894F,\u88AF,,,,,,,
\u8956,\u8884,,,,,,,
\u895D,\u88E3,,,,,,,
\u8960,\u88C6,,,,,,,
\u8964,\u7E7F,\u4340,\uF924,,,,,
\u8967,\u7962,\u88AE,\u79B0,,,,,
\u896A,\u889C,\u97C8,\u97E4,,,,,
\u896C,\u4653,,,,,,,
\u896F,\u886C,,,,,,,
\u8972,\u88AD,,,,,,,
\u8974,\u8955,\u5E71,,,,,,
\u897F,\u897E,\u8980,,,,,,
\u898B,\u89C1,\uFA0A,,,,,,
\u898E,\u89C3,,,,,,,
\u898F,\u89C4,\u69FB,,,,,,
\u8993,\u89C5,,,,,,,
\u8996,\u89C6,,,,,,,
\u8998,\u89C7,,,,,,,
\u8999,\u89BC,,,,,,,
\u89A1,\u89CB,,,,,,,
\u89A5,\u89CD,,,,,,,
\u89A6,\u89CE,,,,,,,
\u89AA,\u4EB2,,,,,,,
\u89AC,\u89CA,,,,,,,
\u89AF,\u89CF,,,,,,,
\u89B2,\u89D0,,,,,,,
\u89B5,\u89B8,,,,,,,
\u89B7,\u89D1,\u89BB,,,,,,
\u89BA,\u89C9,\u658D,\u899A,,,,,
\u89BD,\u89C8,\u89A7,,,,,,
\u89BF,\u89CC,,,,,,,
\u89C0,\u89C2,\u89B3,\u898C,,,,,
\u89D2,\u752A,\u8173,\u811A,,,,,
\u89E3,\u89E7,,,,,,,
\u89F4,\u89DE,,,,,,,
\u89F5,\u89E5,,,,,,,
\u89F6,\u89EF,,,,,,,
\u89F8,\u89E6,,,,,,,
\u8A00,\u8BA0,\u8A01,,,,,,
\u8A02,\u8BA2,,,,,,,
\u8A03,\u8BA3,,,,,,,
\u8A08,\u8BA1,,,,,,,
\u8A0A,\u8BAF,,,,,,,
\u8A0C,\u8BA7,,,,,,,
\u8A0E,\u8BA8,,,,,,,
\u8A10,\u8BA6,,,,,,,
\u8A12,\u8BB1,,,,,,,
\u8A13,\u8BAD,,,,,,,
\u8A15,\u8BAA,,,,,,,
\u8A16,\u8BAB,,,,,,,
\u8A17,\u8BAC,,,,,,,
\u8A18,\u8BB0,,,,,,,
\u8A1B,\u8BB9,\u8B4C,,,,,,
\u8A1D,\u8BB6,,,,,,,
\u8A1F,\u8BBC,,,,,,,
\u8A22,\u4723,,,,,,,
\u8A23,\u8BC0,,,,,,,
\u8A25,\u8BB7,,,,,,,
\u8A29,\u8BBB,\u8A7E,,,,,,
\u8A2A,\u8BBF,,,,,,,
\u8A2D,\u8BBE,,,,,,,
\u8A31,\u8BB8,,,,,,,
\u8A34,\u8BC9,\u612C,,,,,,
\u8A3A,\u8BCA,,,,,,,
\u8A3B,\u6CE8,,,,,,,
\u8A41,\u8BC2,,,,,,,
\u8A46,\u8BCB,,,,,,,
\u8A4E,\u8BB5,,,,,,,
\u8A50,\u8BC8,,,,,,,
\u8A52,\u8BD2,,,,,,,
\u8A54,\u8BCF,,,,,,,
\u8A55,\u8BC4,,,,,,,
\u8A56,\u8BD0,,,,,,,
\u8A57,\u8BC7,,,,,,,
\u8A58,\u8BCE,,,,,,,
\u8A5B,\u8BC5,,,,,,,
\u8A5E,\u8BCD,,,,,,,
\u8A60,\u548F,,,,,,,
\u8A61,\u8BE9,,,,,,,
\u8A62,\u8BE2,,,,,,,
\u8A63,\u8BE3,,,,,,,
\u8A66,\u8BD5,,,,,,,
\u8A69,\u8BD7,,,,,,,
\u8A6B,\u8BE7,,,,,,,
\u8A6C,\u8BDF,,,,,,,
\u8A6D,\u8BE1,,,,,,,
\u8A6E,\u8BE0,,,,,,,
\u8A70,\u8BD8,,,,,,,
\u8A71,\u8BDD,,,,,,,
\u8A72,\u8BE5,,,,,,,
\u8A73,\u8BE6,,,,,,,
\u8A75,\u8BDC,,,,,,,
\u8A7C,\u8BD9,,,,,,,
\u8A7F,\u8BD6,,,,,,,
\u8A84,\u8BD4,,,,,,,
\u8A85,\u8BDB,,,,,,,
\u8A86,\u8BD3,,,,,,,
\u8A87,\u5938,\u4F89,,,,,,
\u8A8C,\u5FD7,,,,,,,
\u8A8D,\u8BA4,,,,,,,
\u8A91,\u8BF3,,,,,,,
\u8A95,\u8BDE,,,,,,,
\u8A98,\u8BF1,,,,,,,
\u8A9A,\u8BEE,,,,,,,
\u8A9E,\u8BED,,,,,,,
\u8AA0,\u8BDA,,,,,,,
\u8AA1,\u8BEB,,,,,,,
\u8AA3,\u8BEC,,,,,,,
\u8AA4,\u8BEF,,,,,,,
\u8AA5,\u8BF0,,,,,,,
\u8AA6,\u8BF5,,,,,,,
\u8AA8,\u8BF2,,,,,,,
\u8AAA,\u8BF4,\u8AAC,\uF96F,\uF9A1,,,,
\u8AB0,\u8C01,,,,,,,
\u8AB2,\u8BFE,,,,,,,
\u8AB6,\u8C07,,,,,,,
\u8AB9,\u8BFD,,,,,,,
\u8ABC,\u8C0A,,,,,,,
\u8ABE,\u8A1A,,,,,,,
\u8ABF,\u8C03,,,,,,,
\u8AC2,\u8C04,,,,,,,
\u8AC4,\u8C06,,,,,,,
\u8AC7,\u8C08,,,,,,,
\u8AC9,\u8BFF,,,,,,,
\u8ACB,\u8BF7,,,,,,,
\u8ACD,\u8BE4,,,,,,,
\u8ACF,\u8BF9,,,,,,,
\u8AD1,\u8BFC,,,,,,,
\u8AD2,\u8C05,\uF97D,,,,,,
\u8AD6,\u8BBA,\uF941,,,,,,
\u8AD7,\u8C02,,,,,,,
\u8ADB,\u8C00,,,,,,,
\u8ADC,\u8C0D,,,,,,,
\u8ADD,\u8C1E,,,,,,,
\u8ADE,\u8C1D,,,,,,,
\u8AE1,\u8B1A,\u8C25,,,,,,
\u8AE2,\u8BE8,,,,,,,
\u8AE4,\u8C14,\u8B8D,,,,,,
\u8AE6,\u8C1B,,,,,,,
\u8AE7,\u8C10,,,,,,,
\u8AEB,\u8C0F,\u8ACC,,,,,,
\u8AED,\u8C15,,,,,,,
\u8AF1,\u8BB3,,,,,,,
\u8AF3,\u8C19,,,,,,,
\u8AF6,\u8C0C,,,,,,,
\u8AF7,\u8BBD,,,,,,,
\u8AF8,\u8BF8,\uFA22,,,,,,
\u8AFA,\u8C1A,,,,,,,
\u8AFC,\u8C16,,,,,,,
\u8AFE,\u8BFA,\uF95D,,,,,,
\u8B00,\u8C0B,,,,,,,
\u8B01,\u8C12,,,,,,,
\u8B02,\u8C13,,,,,,,
\u8B04,\u8A8A,,,,,,,
\u8B05,\u8BCC,,,,,,,
\u8B0A,\u8C0E,,,,,,,
\u8B0E,\u8C1C,,,,,,,
\u8B10,\u8C27,,,,,,,
\u8B14,\u8C11,\u56AF,,,,,,
\u8B16,\u8C21,,,,,,,
\u8B17,\u8C24,,,,,,,
\u8B19,\u8C26,,,,,,,
\u8B1B,\u8BB2,,,,,,,
\u8B1D,\u8C22,,,,,,,
\u8B21,\u8C23,\u8B20,,,,,,
\u8B28,\u8C1F,,,,,,,
\u8B2B,\u8C2A,,,,,,,
\u8B2C,\u8C2C,,,,,,,
\u8B33,\u8BB4,,,,,,,
\u8B39,\u8C28,,,,,,,
\u8B3E,\u8C29,,,,,,,
\u8B41,\u5629,\u54D7,,,,,,
\u8B45,\u4727,,,,,,,
\u8B49,\u8BC1,\u8A3C,,,,,,
\u8B4E,\u8C32,,,,,,,
\u8B4F,\u8BA5,,,,,,,
\u8B56,\u8C2E,\u8B5B,,,,,,
\u8B58,\u8BC6,\uF9FC,,,,,,
\u8B59,\u8C2F,,,,,,,
\u8B5A,\u8C2D,,,,,,,
\u8B5C,\u8C31,\u8AE9,,,,,,
\u8B6B,\u8C35,,,,,,,
\u8B6F,\u8BD1,\u8A33,,,,,,
\u8B70,\u8BAE,,,,,,,
\u8B74,\u8C34,,,,,,,
\u8B77,\u62A4,,,,,,,
\u8B78,\u8BEA,,,,,,,
\u8B7D,\u8A89,,,,,,,
\u8B7E,\u8B2D,\u8C2B,,,,,,
\u8B80,\u8BFB,\u8AAD,\uF95A,,,,,
\u8B85,\u8C09,,,,,,,
\u8B86,\u8E9B,\u8B8F,\u8E97,,,,,
\u8B8A,\u53D8,\u5909,,,,,,
\u8B8B,\u8A5F,,,,,,,
\u8B92,\u8C17,,,,,,,
\u8B93,\u8BA9,\u8B72,,,,,,
\u8B95,\u8C30,,,,,,,
\u8B96,\u8C36,,,,,,,
\u8B9A,\u8B83,,,,,,,
\u8B9C,\u8C20,,,,,,,
\u8C33,\u8B9E,,,,,,,
\u8C48,\u5C82,\uF900,,,,,,
\u8C4E,\u7AD6,\u7AEA,,,,,,
\u8C50,\u4E30,\u8C4A,,,,,,
\u8C54,\u8277,\u8276,\u8273,,,,,
\u8C5C,\u8C63,,,,,,,
\u8C6B,\u4E88,,,,,,,
\u8C6C,\u732A,\uFA16,,,,,,
\u8C76,\u8C6E,,,,,,,
\u8C7A,\u72B2,,,,,,,
\u8C89,\u72E2,,,,,,,
\u8C8A,\u8C98,\u734F,,,,,,
\u8C8C,\u7683,,,,,,,
\u8C8D,\u72F8,,,,,,,
\u8C93,\u732B,,,,,,,
\u8C94,\u8C7C,,,,,,,
\u8C99,\u4759,,,,,,,
\u8C9D,\u8D1D,,,,,,,
\u8C9E,\u8D1E,,,,,,,
\u8C9F,\u8D20,,,,,,,
\u8CA0,\u8D1F,,,,,,,
\u8CA1,\u8D22,,,,,,,
\u8CA2,\u8D21,,,,,,,
\u8CA7,\u8D2B,,,,,,,
\u8CA8,\u8D27,,,,,,,
\u8CA9,\u8D29,,,,,,,
\u8CAA,\u8D2A,,,,,,,
\u8CAB,\u8D2F,,,,,,,
\u8CAC,\u8D23,,,,,,,
\u8CAF,\u8D2E,,,,,,,
\u8CB0,\u8D33,,,,,,,
\u8CB2,\u8D40,,,,,,,
\u8CB4,\u8D35,,,,,,,
\u8CB6,\u8D2C,,,,,,,
\u8CB7,\u4E70,,,,,,,
\u8CB8,\u8D37,,,,,,,
\u8CBA,\u8D36,,,,,,,
\u8CBB,\u8D39,,,,,,,
\u8CBC,\u8D34,,,,,,,
\u8CBD,\u8D3B,,,,,,,
\u8CBF,\u8D38,,,,,,,
\u8CC0,\u8D3A,,,,,,,
\u8CC1,\u8D32,,,,,,,
\u8CC2,\u8D42,\uF948,,,,,,
\u8CC3,\u8D41,,,,,,,
\u8CC4,\u8D3F,,,,,,,
\u8CC5,\u8D45,,,,,,,
\u8CC7,\u8D44,,,,,,,
\u8CC8,\u8D3E,\uF903,,,,,,
\u8CCA,\u8D3C,\u621D,,,,,,
\u8CD1,\u8D48,,,,,,,
\u8CD2,\u8D4A,,,,,,,
\u8CD3,\u5BBE,\u8CD4,,,,,,
\u8CD5,\u8D47,,,,,,,
\u8CD9,\u8D52,,,,,,,
\u8CDA,\u8D49,,,,,,,
\u8CDC,\u8D50,,,,,,,
\u8CDE,\u8D4F,,,,,,,
\u8CE0,\u8D54,,,,,,,
\u8CE1,\u8D53,,,,,,,
\u8CE2,\u8D24,,,,,,,
\u8CE3,\u5356,\u58F2,,,,,,
\u8CE4,\u8D31,\u8CCE,,,,,,
\u8CE6,\u8D4B,,,,,,,
\u8CE7,\u8D55,,,,,,,
\u8CEA,\u8D28,\u8CAD,,,,,,
\u8CEB,\u8D4D,\u9F4E,,,,,,
\u8CED,\u8D4C,,,,,,,
\u8CF0,\u4790,,,,,,,
\u8CF4,\u8D56,\u983C,,,,,,
\u8CF5,\u8D57,,,,,,,
\u8CFA,\u8D5A,,,,,,,
\u8CFB,\u8D59,,,,,,,
\u8CFC,\u8D2D,,,,,,,
\u8CFD,\u8D5B,,,,,,,
\u8CFE,\u8D5C,,,,,,,
\u8D04,\u8D3D,,,,,,,
\u8D05,\u8D58,,,,,,,
\u8D07,\u8D5F,,,,,,,
\u8D08,\u8D60,,,,,,,
\u8D0A,\u8D5E,\u8CDB,,,,,,
\u8D0B,\u8D5D,\u8D17,,,,,,
\u8D0D,\u8D61,,,,,,,
\u8D0F,\u8D62,,,,,,,
\u8D10,\u8D46,,,,,,,
\u8D13,\u8D43,\u8D1C,,,,,,
\u8D14,\u8D51,,,,,,,
\u8D16,\u8D4E,,,,,,,
\u8D1B,\u8D63,,,,,,,
\u8D6C,\u8D6A,,,,,,,
\u8D70,\u8D71,,,,,,,
\u8D81,\u8D82,,,,,,,
\u8D95,\u8D76,,,,,,,
\u8D99,\u8D75,,,,,,,
\u8DA6,\u8D91,,,,,,,
\u8DA8,\u8D8B,,,,,,,
\u8DB2,\u8DB1,,,,,,,
\u8DBA,\u8DD7,\u544B,,,,,,
\u8DD6,\u8DB5,,,,,,,
\u8DE1,\u8E5F,\u8FF9,,,,,,
\u8DEF,\uF937,,,,,,,
\u8DFA,\u8DE5,,,,,,,
\u8E10,\u8DF5,,,,,,,
\u8E34,\u8E0A,,,,,,,
\u8E4C,\u8DC4,,,,,,,
\u8E55,\u8DF8,,,,,,,
\u8E63,\u8E52,,,,,,,
\u8E64,\u8E28,\u8E2A,,,,,,
\u8E7A,\u8DF7,\u8E7B,\u5C69,,,,,
\u8E82,\u8DF6,,,,,,,
\u8E89,\u8DB8,,,,,,,
\u8E8A,\u8E0C,,,,,,,
\u8E8B,\u8DFB,,,,,,,
\u8E8D,\u8DC3,,,,,,,
\u8E91,\u8E2F,,,,,,,
\u8E92,\u8DDE,,,,,,,
\u8E93,\u8E2C,,,,,,,
\u8E95,\u8E70,,,,,,,
\u8E9A,\u8DF9,\u8E6E,,,,,,
\u8EA1,\u8E51,,,,,,,
\u8EA5,\u8E7F,,,,,,,
\u8EA6,\u8E9C,,,,,,,
\u8EAA,\u8E8F,,,,,,,
\u8EB2,\u8EB1,,,,,,,
\u8EC0,\u8EAF,,,,,,,
\u8ECA,\u8F66,\uF902,,,,,,
\u8ECB,\u8F67,,,,,,,
\u8ECC,\u8F68,,,,,,,
\u8ECD,\u519B,,,,,,,
\u8ED1,\u8F6A,,,,,,,
\u8ED2,\u8F69,,,,,,,
\u8ED4,\u8F6B,,,,,,,
\u8EDB,\u8F6D,,,,,,,
\u8EDF,\u8F6F,,,,,,,
\u8EE4,\u8F77,,,,,,,
\u8EEB,\u8F78,,,,,,,
\u8EF2,\u8F71,,,,,,,
\u8EF8,\u8F74,,,,,,,
\u8EF9,\u8F75,,,,,,,
\u8EFA,\u8F7A,,,,,,,
\u8EFB,\u8F72,,,,,,,
\u8EFC,\u8F76,,,,,,,
\u8EFE,\u8F7C,,,,,,,
\u8F03,\u8F83,,,,,,,
\u8F05,\u8F82,,,,,,,
\u8F07,\u8F81,,,,,,,
\u8F08,\u8F80,,,,,,,
\u8F09,\u8F7D,,,,,,,
\u8F0A,\u8F7E,,,,,,,
\u8F12,\u8F84,\u8F19,,,,,,
\u8F13,\u633D,,,,,,,
\u8F14,\u8F85,,,,,,,
\u8F15,\u8F7B,\u8EFD,,,,,,
\u8F1B,\u8F86,\u8F0C,,,,,,
\u8F1C,\u8F8E,\u8F3A,,,,,,
\u8F1D,\u8F89,,,,,,,
\u8F1E,\u8F8B,,,,,,,
\u8F1F,\u8F8D,,,,,,,
\u8F25,\u8F8A,,,,,,,
\u8F26,\u8F87,\uF998,,,,,,
\u8F27,\u5E32,\u5E21,\u8EFF,,,,,
\u8F29,\u8F88,\u8EF0,,,,,,
\u8F2A,\u8F6E,\uF9D7,,,,,,
\u8F2C,\u8F8C,,,,,,,
\u8F2F,\u8F91,,,,,,,
\u8F33,\u8F8F,,,,,,,
\u8F38,\u8F93,,,,,,,
\u8F3B,\u8F90,\uFA07,,,,,,
\u8F3E,\u8F97,,,,,,,
\u8F3F,\u8206,,,,,,,
\u8F40,\u8F92,\u8F3C,,,,,,
\u8F42,\u6BC2,,,,,,,
\u8F44,\u8F96,,,,,,,
\u8F45,\u8F95,,,,,,,
\u8F46,\u8F98,,,,,,,
\u8F49,\u8F6C,\u8EE2,,,,,,
\u8F4D,\u8F99,,,,,,,
\u8F4E,\u8F7F,,,,,,,
\u8F54,\u8F9A,,,,,,,
\u8F5F,\u8F70,\u8EE3,,,,,,
\u8F61,\u8F94,,,,,,,
\u8F62,\u8F79,\uF98D,,,,,,
\u8F64,\u8F73,,,,,,,
\u8F9F,\u95E2,\u907F,,,,,,
\u8FA3,\u8FA2,,,,,,,
\u8FA6,\u529E,,,,,,,
\u8FA8,\u8FA7,\u5F01,,,,,,
\u8FAD,\u8F9E,,,,,,,
\u8FAE,\u8FAB,,,,,,,
\u8FAF,\u8FA9,,,,,,,
\u8FB0,\uF971,,,,,,,
\u8FB2,\u519C,,,,,,,
\u8FB5,\u8FB6,,,,,,,
\u8FE5,\u9008,,,,,,,
\u8FEA,\u5EF8,,,,,,,
\u9003,\u8FEF,,,,,,,
\u9019,\u8FD9,,,,,,,
\u9023,\u8FDE,\uF99A,,,,,,
\u902C,\u8FF8,,,,,,,
\u902E,\u8FE8,,,,,,,
\u9032,\u8FDB,,,,,,,
\u9038,\uFA25,,,,,,,
\u9047,\u8FC2,,,,,,,
\u904B,\u8FD0,,,,,,,
\u904D,\u5FA7,,,,,,,
\u904E,\u8FC7,,,,,,,
\u9051,\u5FA8,,,,,,,
\u9052,\u900E,,,,,,,
\u9053,\u885F,,,,,,,
\u9054,\u8FBE,\u9039,,,,,,
\u9055,\u8FDD,,,,,,,
\u905C,\u900A,,,,,,,
\u905E,\u9012,\u9013,,,,,,
\u9060,\u8FDC,\u903A,,,,,,
\u9065,\u9059,,,,,,,
\u9069,\u9002,,,,,,,
\u9072,\u8FDF,\u905F,\u9045,,,,,
\u9077,\u8FC1,,,,,,,
\u9078,\u9009,,,,,,,
\u907A,\u9057,,,,,,,
\u907C,\u8FBD,\uF9C3,,,,,,
\u9081,\u8FC8,,,,,,,
\u9084,\u8FD8,,,,,,,
\u9087,\u8FE9,,,,,,,
\u908A,\u8FB9,\u9089,\u8FBA,,,,,
\u908F,\u903B,\uF913,,,,,,
\u9090,\u9026,,,,,,,
\u9091,\u961D,\u961C,,,,,,
\u90A2,\u90C9,,,,,,,
\u90A6,\u90AB,,,,,,,
\u90CE,\u90DE,\uF92C,,,,,,
\u90DF,\u90CF,,,,,,,
\u90E8,\u5369,\u90F6,,,,,,
\u90F5,\u90AE,,,,,,,
\u90FD,\uFA26,,,,,,,
\u9106,\u90D3,,,,,,,
\u9109,\u4E61,\u910A,\u90F7,\u9115,,,,
\u9112,\u90B9,,,,,,,
\u9114,\u90AC,,,,,,,
\u9116,\u90E7,,,,,,,
\u9127,\u9093,,,,,,,
\u912D,\u90D1,,,,,,,
\u9130,\u90BB,\u96A3,\uF9F1,,,,,
\u9132,\u90F8,,,,,,,
\u9134,\u90BA,,,,,,,
\u9136,\u90D0,,,,,,,
\u913A,\u909D,,,,,,,
\u9146,\u9137,,,,,,,
\u9147,\u9142,\u913C,,,,,,
\u9148,\u90E6,,,,,,,
\u9149,\u4E23,,,,,,,
\u9161,\u914F,,,,,,,
\u916A,\uF919,,,,,,,
\u916C,\u9167,\u8A76,\u91BB,,,,,
\u9189,\u9154,,,,,,,
\u918B,\u9162,,,,,,,
\u919C,\u4E11,,,,,,,
\u919E,\u915D,\u9196,,,,,,
\u91AB,\u533B,,,,,,,
\u91AC,\u9171,\u91A4,,,,,,
\u91B1,\u9166,\u9197,,,,,,
\u91B4,\uF9B7,,,,,,,
\u91BF,\u91BE,,,,,,,
\u91C0,\u917F,\u91B8,,,,,,
\u91C1,\u8845,,,,,,,
\u91C3,\u917E,,,,,,,
\u91C5,\u917D,,,,,,,
\u91CB,\u91CA,\u91C8,,,,,,
\u91CE,\u57DC,,,,,,,
\u91CF,\uF97E,,,,,,,
\u91D0,\u5398,,,,,,,
\u91D1,\u9485,\u91D2,\uF90A,,,,,
\u91D3,\u9486,,,,,,,
\u91D4,\u9487,,,,,,,
\u91D5,\u948C,,,,,,,
\u91D7,\u948A,,,,,,,
\u91D8,\u9489,,,,,,,
\u91D9,\u948B,,,,,,,
\u91DC,\u91E1,,,,,,,
\u91DD,\u9488,,,,,,,
\u91E3,\u9493,\u921F,,,,,,
\u91E4,\u9490,,,,,,,
\u91E7,\u948F,,,,,,,
\u91E9,\u9492,,,,,,,
\u91F5,\u9497,,,,,,,
\u91F7,\u948D,,,,,,,
\u91F9,\u9495,,,,,,,
\u91FA,\u948E,,,,,,,
\u9201,\u94AB,,,,,,,
\u9203,\u9498,,,,,,,
\u9204,\u94AD,,,,,,,
\u9208,\u949A,,,,,,,
\u9209,\u94A0,,,,,,,
\u920D,\u949D,,,,,,,
\u9210,\u94A4,,,,,,,
\u9211,\u94A3,,,,,,,
\u9212,\u9491,,,,,,,
\u9214,\u949E,,,,,,,
\u9215,\u94AE,,,,,,,
\u921E,\u94A7,\u929E,,,,,,
\u9223,\u9499,,,,,,,
\u9225,\u94AC,,,,,,,
\u9226,\u949B,,,,,,,
\u9227,\u94AA,,,,,,,
\u922E,\u94CC,,,,,,,
\u9230,\u94C8,,,,,,,
\u9233,\u94B6,,,,,,,
\u9234,\u94C3,\uF9B1,,,,,,
\u9237,\u94B4,,,,,,,
\u9238,\u94B9,,,,,,,
\u9239,\u94CD,,,,,,,
\u923A,\u94B0,,,,,,,
\u923D,\u94B8,,,,,,,
\u923E,\u94C0,,,,,,,
\u923F,\u94BF,,,,,,,
\u9240,\u94BE,,,,,,,
\u9248,\u94CA,,,,,,,
\u9249,\u94C9,,,,,,,
\u924B,\u94C7,,,,,,,
\u924D,\u94CB,,,,,,,
\u9251,\u94C2,,,,,,,
\u9255,\u94B7,,,,,,,
\u925A,\u94C6,,,,,,,
\u925B,\u94C5,,,,,,,
\u925E,\u94BA,,,,,,,
\u9264,\u94A9,\u920E,,,,,,
\u9266,\u94B2,,,,,,,
\u926C,\u94BC,,,,,,,
\u926D,\u94BD,,,,,,,
\u9276,\u94CF,,,,,,,
\u9278,\u94F0,,,,,,,
\u927A,\u94D2,,,,,,,
\u927B,\u94EC,,,,,,,
\u927F,\u94EA,,,,,,,
\u9280,\u94F6,,,,,,,
\u9283,\u94F3,,,,,,,
\u9285,\u94DC,,,,,,,
\u928D,\u94DA,,,,,,,
\u9291,\u94E3,,,,,,,
\u9293,\u94E8,,,,,,,
\u9296,\u94E2,,,,,,,
\u9298,\u94ED,,,,,,,
\u929A,\u94EB,,,,,,,
\u929B,\u94E6,,,,,,,
\u929C,\u8854,,,,,,,
\u92A0,\u94D1,,,,,,,
\u92A3,\u94F7,,,,,,,
\u92A5,\u94F1,,,,,,,
\u92A6,\u94DF,,,,,,,
\u92A8,\u94F5,,,,,,,
\u92A9,\u94E5,,,,,,,
\u92AA,\u94D5,,,,,,,
\u92AB,\u94EF,,,,,,,
\u92AC,\u94D0,,,,,,,
\u92B1,\u94DE,,,,,,,
\u92B3,\u9510,\u92ED,,,,,,
\u92B7,\u9500,,,,,,,
\u92BB,\u9511,,,,,,,
\u92BC,\u9509,,,,,,,
\u92C1,\u94DD,,,,,,,
\u92C3,\u9512,,,,,,,
\u92C4,\u933D,,,,,,,
\u92C5,\u950C,,,,,,,
\u92C7,\u94A1,,,,,,,
\u92CC,\u94E4,,,,,,,
\u92CF,\u94D7,,,,,,,
\u92D2,\u950B,,,,,,,
\u92D9,\u94FB,,,,,,,
\u92DD,\u950A,,,,,,,
\u92DF,\u9513,,,,,,,
\u92E3,\u94D8,,,,,,,
\u92E4,\u9504,\u8021,,,,,,
\u92E5,\u9503,,,,,,,
\u92E6,\u9514,,,,,,,
\u92E8,\u9507,,,,,,,
\u92E9,\u94D3,,,,,,,
\u92EA,\u94FA,\u8216,\u8217,,,,,
\u92EE,\u94D6,,,,,,,
\u92EF,\u9506,,,,,,,
\u92F0,\u9502,,,,,,,
\u92F1,\u94FD,,,,,,,
\u92F6,\u950D,,,,,,,
\u92F8,\u952F,,,,,,,
\u92FC,\u94A2,,,,,,,
\u9301,\u951E,,,,,,,
\u9304,\u5F55,\u9332,\uF93F,,,,,
\u9306,\u9516,,,,,,,
\u9307,\u952B,,,,,,,
\u9308,\u9529,,,,,,,
\u930F,\u94D4,\u941A,,,,,,
\u9310,\u9525,,,,,,,
\u9312,\u9515,,,,,,,
\u9315,\u951F,,,,,,,
\u9318,\u9524,\u939A,,,,,,
\u9319,\u9531,,,,,,,
\u931A,\u94EE,,,,,,,
\u931B,\u951B,,,,,,,
\u931F,\u952C,,,,,,,
\u9320,\u952D,,,,,,,
\u9321,\u951C,,,,,,,
\u9322,\u94B1,\u92AD,,,,,,
\u9326,\u9526,,,,,,,
\u9328,\u951A,,,,,,,
\u9329,\u9520,,,,,,,
\u932B,\u9521,,,,,,,
\u932E,\u9522,,,,,,,
\u932F,\u9519,,,,,,,
\u9333,\u9530,,,,,,,
\u9336,\u8868,,,,,,,
\u9338,\u94FC,,,,,,,
\u933C,\u954E,\u93BF,,,,,,
\u9340,\u951D,,,,,,,
\u9341,\u9528,\u6774,,,,,,
\u9346,\u9494,,,,,,,
\u9347,\u9534,,,,,,,
\u9348,\u9533,,,,,,,
\u934B,\u9505,,,,,,,
\u934D,\u9540,,,,,,,
\u9354,\u9537,,,,,,,
\u9358,\u94E1,,,,,,,
\u935A,\u9496,,,,,,,
\u935B,\u953B,\u7145,,,,,,
\u9360,\u953D,,,,,,,
\u9364,\u9538,,,,,,,
\u9365,\u9532,,,,,,,
\u9366,\u9247,,,,,,,
\u9369,\u9518,,,,,,,
\u936C,\u9539,,,,,,,
\u9370,\u953E,,,,,,,
\u9375,\u952E,,,,,,,
\u9376,\u9536,,,,,,,
\u937A,\u9517,,,,,,,
\u937E,\u949F,\u9418,\u9221,\u953A,,,,
\u9382,\u9541,,,,,,,
\u9387,\u9545,,,,,,,
\u938A,\u9551,,,,,,,
\u9394,\u9555,\u7194,,,,,,
\u9396,\u9501,\u93C1,,,,,,
\u9398,\u9549,,,,,,,
\u939B,\u9548,,,,,,,
\u93A1,\u9543,,,,,,,
\u93A2,\u94A8,,,,,,,
\u93A3,\u84E5,,,,,,,
\u93A6,\u954F,,,,,,,
\u93A7,\u94E0,,,,,,,
\u93A9,\u94E9,,,,,,,
\u93AA,\u953C,,,,,,,
\u93AC,\u9550,,,,,,,
\u93AE,\u9547,\u93AD,,,,,,
\u93B0,\u9552,,,,,,,
\u93B2,\u954B,\u9482,,,,,,
\u93B3,\u954D,,,,,,,
\u93B5,\u9553,,,,,,,
\u93C3,\u955E,,,,,,,
\u93C7,\u955F,,,,,,,
\u93C8,\u94FE,,,,,,,
\u93CC,\u9546,,,,,,,
\u93CD,\u9559,,,,,,,
\u93D0,\u9560,,,,,,,
\u93D1,\u955D,,,,,,,
\u93D3,\u952A,\u9343,,,,,,
\u93D7,\u94FF,,,,,,,
\u93D8,\u9535,,,,,,,
\u93DC,\u9557,,,,,,,
\u93DD,\u9558,,,,,,,
\u93DE,\u955B,,,,,,,
\u93DF,\u94F2,\u5257,\u5277,\u522C,,,,
\u93E1,\u955C,,,,,,,
\u93E2,\u9556,,,,,,,
\u93E4,\u9542,,,,,,,
\u93E8,\u933E,,,,,,,
\u93F0,\u955A,\u930B,,,,,,
\u93F5,\u94E7,,,,,,,
\u93F7,\u9564,,,,,,,
\u93F9,\u956A,,,,,,,
\u93FD,\u9508,\u92B9,,,,,,
\u9403,\u94D9,,,,,,,
\u940B,\u94F4,,,,,,,
\u9410,\u9563,,,,,,,
\u9412,\u94F9,,,,,,,
\u9413,\u9566,,,,,,,
\u9414,\u9561,,,,,,,
\u9419,\u956B,,,,,,,
\u941D,\u9562,\u9481,,,,,,
\u9420,\u9568,,,,,,,
\u9426,\u950E,,,,,,,
\u9427,\u950F,,,,,,,
\u9428,\u9544,,,,,,,
\u942B,\u954C,\u93B8,,,,,,
\u942E,\u9570,\u5286,,,,,,
\u9432,\u956F,,,,,,,
\u9433,\u956D,,,,,,,
\u9434,\u943E,,,,,,,
\u9435,\u94C1,\u9244,\u9295,\u9421,,,,
\u9436,\u956E,,,,,,,
\u9438,\u94CE,\u922C,,,,,,
\u943A,\u94DB,,,,,,,
\u943F,\u9571,,,,,,,
\u9440,\u953F,\u9384,,,,,,
\u9444,\u94F8,\u92F3,,,,,,
\u944A,\u956C,,,,,,,
\u944C,\u9554,,,,,,,
\u9451,\u946C,\u9452,\u9274,\u9373,,,,
\u9454,\u9572,,,,,,,
\u9455,\u9527,,,,,,,
\u945E,\u9574,,,,,,,
\u9460,\u94C4,,,,,,,
\u9463,\u9573,,,,,,,
\u9465,\u9565,,,,,,,
\u946A,\u9229,,,,,,,
\u946D,\u9567,,,,,,,
\u9470,\u94A5,,,,,,,
\u9471,\u9575,,,,,,,
\u9472,\u9576,,,,,,,
\u9477,\u954A,,,,,,,
\u9479,\u9569,,,,,,,
\u947C,\u9523,,,,,,,
\u947D,\u94BB,\u945A,,,,,,
\u947E,\u92AE,,,,,,,
\u947F,\u51FF,,,,,,,
\u9577,\u957F,\u9578,,,,,,
\u9580,\u95E8,,,,,,,
\u9582,\u95E9,,,,,,,
\u9583,\u95EA,,,,,,,
\u9588,\u95EC,,,,,,,
\u9589,\u95ED,\u9587,,,,,,
\u958B,\u5F00,,,,,,,
\u958C,\u95F6,,,,,,,
\u958E,\u95F3,,,,,,,
\u958F,\u95F0,,,,,,,
\u9591,\u95F2,,,,,,,
\u9593,\u95F4,,,,,,,
\u9594,\u95F5,,,,,,,
\u9598,\u95F8,,,,,,,
\u95A1,\u9602,,,,,,,
\u95A3,\u9601,,,,,,,
\u95A4,\u5408,\u95D4,\u9616,,,,,
\u95A5,\u9600,,,,,,,
\u95A8,\u95FA,,,,,,,
\u95A9,\u95FD,,,,,,,
\u95AB,\u9603,,,,,,,
\u95AC,\u9606,,,,,,,
\u95AD,\u95FE,\uF986,,,,,,
\u95B1,\u9605,\u95B2,,,,,,
\u95B6,\u960A,,,,,,,
\u95B9,\u9609,,,,,,,
\u95BB,\u960E,\u9586,\u95EB,,,,,
\u95BC,\u960F,,,,,,,
\u95BD,\u960D,,,,,,,
\u95BE,\u9608,,,,,,,
\u95BF,\u960C,,,,,,,
\u95C3,\u9612,,,,,,,
\u95C6,\u677F,,,,,,,
\u95C8,\u95F1,,,,,,,
\u95CA,\u9614,\u6FF6,,,,,,
\u95CB,\u9615,,,,,,,
\u95CC,\u9611,,,,,,,
\u95CD,\u9607,,,,,,,
\u95D0,\u9617,,,,,,,
\u95D2,\u9618,,,,,,,
\u95D3,\u95FF,,,,,,,
\u95D5,\u9619,,,,,,,
\u95D6,\u95EF,,,,,,,
\u95DC,\u5173,\u95A2,\u95D7,,,,,
\u95DE,\u961A,,,,,,,
\u95E0,\u9613,,,,,,,
\u95E1,\u9610,,,,,,,
\u95E4,\u961B,,,,,,,
\u95E5,\u95FC,,,,,,,
\u962A,\u5742,,,,,,,
\u962E,\uF9C6,,,,,,,
\u9631,\u7A7D,,,,,,,
\u9632,\u57C5,,,,,,,
\u9643,\u90B4,,,,,,,
\u964B,\uF951,,,,,,,
\u964D,\uFA09,,,,,,,
\u9658,\u9649,,,,,,,
\u965D,\u965C,\u9655,,,,,,
\u965F,\u5F8F,,,,,,,
\u9663,\u9635,\u5866,,,,,,
\u9670,\u9634,\u4F8C,,,,,,
\u9673,\u9648,,,,,,,
\u9675,\uF959,,,,,,,
\u9677,\u9665,,,,,,,
\u9678,\u9646,\uF9D3,,,,,,
\u967D,\u9633,\u661C,,,,,,
\u9686,\uF9DC,,,,,,,
\u9689,\u9667,,,,,,,
\u968A,\u961F,,,,,,,
\u968B,\u964F,,,,,,,
\u968E,\u9636,\u5826,,,,,,
\u9695,\u78D2,\u6B9E,\u9668,\u6B92,,,,
\u9698,\u9638,,,,,,,
\u9699,\u90C4,,,,,,,
\u969B,\u9645,,,,,,,
\u96A8,\u968F,,,,,,,
\u96AA,\u9669,\u967A,,,,,,
\u96B1,\u9690,\u96A0,,,,,,
\u96B4,\u9647,,,,,,,
\u96B8,\u96B6,\u96B7,\uF9B8,,,,,
\u96C1,\u9CEB,\u9D08,,,,,,
\u96CB,\u96BD,,,,,,,
\u96D5,\u9D70,\u5F6B,\u7431,\u51CB,,,,
\u96D6,\u867D,,,,,,,
\u96D9,\u53CC,,,,,,,
\u96DB,\u96CF,,,,,,,
\u96DC,\u6742,\u96D1,,,,,,
\u96DE,\u9E21,\u9DC4,\u9D8F,\u9CEE,,,,
\u96E2,\u79BB,\uF9EA,,,,,,
\u96E3,\u96BE,,,,,,,
\u96F2,\u4E91,,,,,,,
\u96F6,\u9717,\uF9B2,,,,,,
\u96F7,\uF949,,,,,,,
\u96FB,\u7535,,,,,,,
\u970D,\u7668,,,,,,,
\u9713,\u873A,,,,,,,
\u9722,\u9721,,,,,,,
\u9727,\u96FE,\u971A,,,,,,
\u9732,\uF938,,,,,,,
\u9738,\u8987,,,,,,,
\u973D,\u9701,,,,,,,
\u9742,\u96F3,,,,,,,
\u9744,\u972D,,,,,,,
\u9746,\u53C7,,,,,,,
\u9748,\u7075,\u970A,\uF9B3,,,,,
\u9749,\u53C6,,,,,,,
\u9751,\u9752,,,,,,,
\u9754,\u975D,,,,,,,
\u9756,\uFA1C,,,,,,,
\u975A,\u9753,\u975C,\u9759,,,,,
\u9760,\u4FC8,,,,,,,
\u9766,\u817C,\u4A44,,,,,,
\u9768,\u9765,,,,,,,
\u9780,\u9F17,,,,,,,
\u978D,\u978C,,,,,,,
\u978F,\u5DE9,,,,,,,
\u979D,\u7EF1,\u7DD4,,,,,,
\u97C1,\u7E6E,\u7F30,,,,,,
\u97C3,\u9791,,,,,,,
\u97C9,\u97AF,,,,,,,
\u97CB,\u97E6,,,,,,,
\u97CC,\u97E7,\u976D,\u9771,,,,,
\u97CD,\u97E8,,,,,,,
\u97D3,\u97E9,,,,,,,
\u97D9,\u97EA,,,,,,,
\u97DC,\u97EC,\u8F41,,,,,,
\u97DE,\u97EB,,,,,,,
\u97ED,\u827D,\u97EE,,,,,,
\u97FB,\u97F5,,,,,,,
\u97FF,\u54CD,,,,,,,
\u9801,\u9875,,,,,,,
\u9802,\u9876,,,,,,,
\u9803,\u9877,,,,,,,
\u9805,\u9879,,,,,,,
\u9806,\u987A,,,,,,,
\u9807,\u9878,,,,,,,
\u9808,\u987B,\u9B1A,,,,,,
\u980A,\u987C,,,,,,,
\u980C,\u9882,,,,,,,
\u980E,\u9880,,,,,,,
\u980F,\u9883,,,,,,,
\u9810,\u9884,,,,,,,
\u9811,\u987D,,,,,,,
\u9812,\u9881,\u670C,,,,,,
\u9813,\u987F,,,,,,,
\u9817,\u9887,,,,,,,
\u9818,\u9886,\uF9B4,,,,,,
\u981C,\u988C,,,,,,,
\u9821,\u9889,,,,,,,
\u9824,\u9890,\u9809,,,,,,
\u9826,\u988F,,,,,,,
\u982D,\u5934,,,,,,,
\u982E,\u9892,,,,,,,
\u9830,\u988A,\u982C,,,,,,
\u9832,\u988B,,,,,,,
\u9837,\u9894,,,,,,,
\u9838,\u9888,\u981A,,,,,,
\u9839,\u9893,\u983D,,,,,,
\u983B,\u9891,,,,,,,
\u9846,\u9897,,,,,,,
\u984C,\u9898,,,,,,,
\u984D,\u989D,,,,,,,
\u984E,\u989A,,,,,,,
\u9852,\u9899,,,,,,,
\u9853,\u989B,,,,,,,
\u9854,\u989C,\u984F,,,,,,
\u9858,\u613F,,,,,,,
\u9859,\u98A1,,,,,,,
\u985A,\u98A0,\u985B,,,,,,
\u985E,\u7C7B,\uF9D0,,,,,,
\u9862,\u989F,,,,,,,
\u9865,\u98A2,,,,,,,
\u9867,\u987E,\u980B,,,,,,
\u986B,\u98A4,,,,,,,
\u986C,\u98A5,,,,,,,
\u986F,\u663E,\u9855,,,,,,
\u9870,\u98A6,,,,,,,
\u9871,\u9885,,,,,,,
\u9873,\u989E,,,,,,,
\u9874,\u98A7,,,,,,,
\u98A8,\u98CE,\u51E8,,,,,,
\u98AD,\u98D0,,,,,,,
\u98AE,\u98D1,,,,,,,
\u98AF,\u98D2,,,,,,,
\u98B3,\u522E,,,,,,,
\u98B6,\u98D3,,,,,,,
\u98B8,\u98D4,,,,,,,
\u98BA,\u98CF,,,,,,,
\u98BB,\u98D6,,,,,,,
\u98BC,\u98D5,,,,,,,
\u98C0,\u98D7,,,,,,,
\u98C4,\u98D8,\u98C3,,,,,,
\u98C6,\u98D9,\u98C7,\u98C8,\u98DA,,,,
\u98DB,\u98DE,,,,,,,
\u98DF,\u9963,\u98E0,,,,,,
\u98E2,\u9965,\u9951,,,,,,
\u98E3,\u9964,,,,,,,
\u98E5,\u9966,,,,,,,
\u98E9,\u9968,,,,,,,
\u98EA,\u996A,\u9901,,,,,,
\u98EB,\u996B,\u79D7,,,,,,
\u98ED,\u996C,,,,,,,
\u98EF,\u996D,\u98F0,\uFA2A,,,,,
\u98F2,\u996E,\u98EE,,,,,,
\u98F4,\u9974,,,,,,,
\u98FC,\u9972,\uFA2B,,,,,,
\u98FD,\u9971,,,,,,,
\u98FE,\u9970,\u991D,,,,,,
\u98FF,\u9973,,,,,,,
\u9902,\u751B,\u751C,,,,,,
\u9903,\u997A,,,,,,,
\u9904,\u9978,,,,,,,
\u9905,\u997C,\u9920,,,,,,
\u9909,\u9977,,,,,,,
\u990A,\u517B,\u98EC,,,,,,
\u990C,\u9975,,,,,,,
\u990E,\u9979,,,,,,,
\u990F,\u997B,,,,,,,
\u9910,\u55B0,,,,,,,
\u9911,\u997D,,,,,,,
\u9912,\u9981,,,,,,,
\u9913,\u997F,,,,,,,
\u9915,\u9982,,,,,,,
\u9916,\u997E,,,,,,,
\u9918,\u4F59,\u9980,,,,,,
\u991A,\u80B4,,,,,,,
\u991B,\u9984,,,,,,,
\u991C,\u9983,,,,,,,
\u991E,\u996F,,,,,,,
\u9921,\u9985,,,,,,,
\u9928,\u9986,\u8218,\uFA2C,,,,,
\u9931,\u7CC7,,,,,,,
\u9933,\u9967,,,,,,,
\u9936,\u9989,,,,,,,
\u9937,\u9987,,,,,,,
\u993A,\u998E,,,,,,,
\u993C,\u9969,,,,,,,
\u993D,\u994B,\u9988,,,,,,
\u993E,\u998F,,,,,,,
\u993F,\u998A,,,,,,,
\u9941,\u998C,,,,,,,
\u9943,\u998D,,,,,,,
\u9945,\u9992,,,,,,,
\u9948,\u9990,,,,,,,
\u9949,\u9991,,,,,,,
\u994A,\u9993,\u7CE4,,,,,,
\u994C,\u9994,,,,,,,
\u9952,\u9976,,,,,,,
\u9957,\u98E8,,,,,,,
\u995C,\u990D,,,,,,,
\u995E,\u998B,,,,,,,
\u9962,\u9995,,,,,,,
\u99AC,\u9A6C,,,,,,,
\u99AD,\u9A6D,,,,,,,
\u99AE,\u51AF,,,,,,,
\u99B1,\u9A6E,\u99C4,,,,,,
\u99B3,\u9A70,,,,,,,
\u99B4,\u9A6F,,,,,,,
\u99B9,\u9A72,,,,,,,
\u99C1,\u9A73,\u99EE,,,,,,
\u99D0,\u9A7B,,,,,,,
\u99D1,\u9A7D,,,,,,,
\u99D2,\u9A79,,,,,,,
\u99D4,\u9A75,,,,,,,
\u99D5,\u9A7E,,,,,,,
\u99D8,\u9A80,,,,,,,
\u99D9,\u9A78,,,,,,,
\u99DB,\u9A76,,,,,,,
\u99DD,\u9A7C,\u99DE,,,,,,
\u99DF,\u9A77,,,,,,,
\u99E2,\u9A88,\u9A08,,,,,,
\u99ED,\u9A87,,,,,,,
\u99F0,\u9A83,,,,,,,
\u99F1,\u9A86,\uF91A,,,,,,
\u99F8,\u9A8E,,,,,,,
\u99FF,\u9A8F,,,,,,,
\u9A01,\u9A8B,,,,,,,
\u9A02,\u9A8D,,,,,,,
\u9A05,\u9A93,,,,,,,
\u9A0D,\u9A92,,,,,,,
\u9A0E,\u9A91,,,,,,,
\u9A0F,\u9A90,,,,,,,
\u9A16,\u9A9B,,,,,,,
\u9A19,\u9A97,,,,,,,
\u9A24,\u9A99,,,,,,,
\u9A27,\u4BC4,,,,,,,
\u9A28,\u9A52,,,,,,,
\u9A2B,\u9A9E,,,,,,,
\u9A2D,\u9A98,,,,,,,
\u9A2E,\u9A9D,,,,,,,
\u9A30,\u817E,,,,,,,
\u9A36,\u9A7A,,,,,,,
\u9A37,\u9A9A,\u9A12,,,,,,
\u9A38,\u9A9F,,,,,,,
\u9A3A,\u9A47,,,,,,,
\u9A3E,\u9AA1,,,,,,,
\u9A40,\u84E6,,,,,,,
\u9A41,\u9A9C,,,,,,,
\u9A42,\u9A96,,,,,,,
\u9A43,\u9AA0,,,,,,,
\u9A44,\u9AA2,,,,,,,
\u9A45,\u9A71,\u99C8,\u99C6,,,,,
\u9A4A,\u9A85,,,,,,,
\u9A4C,\u9A95,,,,,,,
\u9A4D,\u9A81,,,,,,,
\u9A4F,\u9AA3,,,,,,,
\u9A55,\u9A84,,,,,,,
\u9A57,\u9A8C,\u9A13,,,,,,
\u9A5A,\u60CA,,,,,,,
\u9A5B,\u9A7F,\u99C5,,,,,,
\u9A5F,\u9AA4,,,,,,,
\u9A62,\u9A74,,,,,,,
\u9A64,\u9AA7,,,,,,,
\u9A65,\u9AA5,,,,,,,
\u9A66,\u9AA6,,,,,,,
\u9A6A,\u9A8A,\uF987,,,,,,
\u9A6B,\u9A89,,,,,,,
\u9AAB,\u9AAA,,,,,,,
\u9AAF,\u80AE,,,,,,,
\u9ACF,\u9AC5,,,,,,,
\u9AD3,\u9AC4,\u81B8,,,,,,
\u9AD4,\u4F53,\u8EC6,\u8EB0,\u9AB5,,,,
\u9AD6,\u9ACB,,,,,,,
\u9AD8,\u9AD9,,,,,,,
\u9AE0,\u9AE1,,,,,,,
\u9AEF,\u9AE5,,,,,,,
\u9B03,\u9A0C,\u9A23,\u9A94,,,,,
\u9B22,\u9B13,,,,,,,
\u9B25,\u6597,\u9B2A,\u95D8,\u9B2C,\u9B26,\u9B2D,,
\u9B27,\u95F9,\u9599,,,,,,
\u9B29,\u960B,,,,,,,
\u9B2E,\u9604,,,,,,,
\u9B31,\u90C1,\u6B1D,\u9B30,,,,,
\u9B36,\u9B39,,,,,,,
\u9B4E,\u9B49,,,,,,,
\u9B58,\u9B47,,,,,,,
\u9B5A,\u9C7C,,,,,,,
\u9B5B,\u9C7D,,,,,,,
\u9B62,\u9C7E,,,,,,,
\u9B68,\u9C80,,,,,,,
\u9B6F,\u9C81,\uF939,,,,,,
\u9B74,\u9C82,,,,,,,
\u9B77,\u9C7F,,,,,,,
\u9B7A,\u9C84,,,,,,,
\u9B83,\u9C86,,,,,,,
\u9B8A,\u9C8C,,,,,,,
\u9B8B,\u9C89,,,,,,,
\u9B8D,\u9C8F,,,,,,,
\u9B8E,\u9C87,\u9BF0,\u9CB6,,,,,
\u9B8F,\u9BF9,,,,,,,
\u9B90,\u9C90,,,,,,,
\u9B91,\u9C8D,,,,,,,
\u9B92,\u9C8B,,,,,,,
\u9B93,\u9C8A,,,,,,,
\u9B9A,\u9C92,,,,,,,
\u9B9C,\u9C98,,,,,,,
\u9B9D,\u9C9E,\u9C76,\u9BD7,,,,,
\u9B9E,\u9C95,,,,,,,
\u9BA6,\u9C96,,,,,,,
\u9BAA,\u9C94,,,,,,,
\u9BAB,\u9C9B,,,,,,,
\u9BAD,\u9C91,,,,,,,
\u9BAE,\u9C9C,\u9C7B,\u5C20,\u5C1F,,,,
\u9BB3,\u9C93,,,,,,,
\u9BB6,\u9CAA,,,,,,,
\u9BBA,\u9C9D,,,,,,,
\u9BC0,\u9CA7,,,,,,,
\u9BC1,\u9CA0,\u9ABE,,,,,,
\u9BC7,\u9CA9,\u9C00,,,,,,
\u9BC9,\u9CA4,,,,,,,
\u9BCA,\u9CA8,\u9BCB,,,,,,
\u9BD2,\u9CAC,,,,,,,
\u9BD4,\u9CBB,,,,,,,
\u9BD5,\u9CAF,,,,,,,
\u9BD6,\u9CAD,,,,,,,
\u9BDB,\u9CB7,\u9B89,,,,,,
\u9BDD,\u9CB4,,,,,,,
\u9BE1,\u9CB1,,,,,,,
\u9BE2,\u9CB5,,,,,,,
\u9BE4,\u9CB2,,,,,,,
\u9BE7,\u9CB3,,,,,,,
\u9BE8,\u9CB8,,,,,,,
\u9BEA,\u9CAE,,,,,,,
\u9BEB,\u9CB0,,,,,,,
\u9BF4,\u9CBA,,,,,,,
\u9BF7,\u9CC0,,,,,,,
\u9BFD,\u9CAB,,,,,,,
\u9BFF,\u9CCA,,,,,,,
\u9C01,\u9CC8,,,,,,,
\u9C02,\u9C97,,,,,,,
\u9C03,\u9CC2,,,,,,,
\u9C08,\u9CBD,,,,,,,
\u9C0D,\u9CC5,\u9C0C,,,,,,
\u9C0F,\u9CBE,,,,,,,
\u9C11,\u9BE3,,,,,,,
\u9C12,\u9CC6,,,,,,,
\u9C13,\u9CC3,,,,,,,
\u9C1C,\u9CD2,,,,,,,
\u9C1F,\u9CD1,,,,,,,
\u9C20,\u9CCB,,,,,,,
\u9C23,\u9CA5,,,,,,,
\u9C25,\u9CCF,,,,,,,
\u9C28,\u9CCE,,,,,,,
\u9C29,\u9CD0,,,,,,,
\u9C2D,\u9CCD,,,,,,,
\u9C2E,\u9CC1,\u9C1B,,,,,,
\u9C31,\u9CA2,,,,,,,
\u9C32,\u9CCC,,,,,,,
\u9C33,\u9CD3,,,,,,,
\u9C35,\u9CD8,,,,,,,
\u9C37,\u9CA6,,,,,,,
\u9C39,\u9CA3,,,,,,,
\u9C3B,\u9CD7,,,,,,,
\u9C3C,\u9CDB,,,,,,,
\u9C3E,\u9CD4,,,,,,,
\u9C42,\u9CC9,,,,,,,
\u9C45,\u9CD9,,,,,,,
\u9C48,\u9CD5,,,,,,,
\u9C49,\u9CD6,\u9F08,\u9F9E,,,,,
\u9C4D,\u9C85,\u9B81,,,,,,
\u9C51,\u9C09,\u9CC7,,,,,,
\u9C52,\u9CDF,,,,,,,
\u9C54,\u9CDD,\u9C53,,,,,,
\u9C56,\u9CDC,,,,,,,
\u9C57,\u9CDE,\uF9F2,,,,,,
\u9C58,\u9C9F,,,,,,,
\u9C5D,\u9CBC,,,,,,,
\u9C5F,\u9C8E,,,,,,,
\u9C60,\u9C99,,,,,,,
\u9C62,\u9C3A,\u9BF5,\u9CB9,,,,,
\u9C63,\u9CE3,,,,,,,
\u9C64,\u9CE1,,,,,,,
\u9C67,\u9CE2,,,,,,,
\u9C68,\u9CBF,,,,,,,
\u9C6D,\u9C9A,,,,,,,
\u9C6E,\u9B63,,,,,,,
\u9C6F,\u9CE0,,,,,,,
\u9C77,\u9C10,\u9CC4,,,,,,
\u9C78,\u9C88,,,,,,,
\u9C7A,\u9CA1,,,,,,,
\u9CE5,\u9E1F,,,,,,,
\u9CE7,\u9CEC,\u51EB,,,,,,
\u9CE9,\u9E20,,,,,,,
\u9CF2,\u9E24,,,,,,,
\u9CF3,\u51E4,\u9CEF,,,,,,
\u9CF4,\u9E23,,,,,,,
\u9CF6,\u9E22,,,,,,,
\u9CFE,\u4D13,,,,,,,
\u9D06,\u9E29,,,,,,,
\u9D07,\u9E28,,,,,,,
\u9D09,\u9E26,\u9D76,,,,,,
\u9D12,\u9E30,,,,,,,
\u9D15,\u9E35,,,,,,,
\u9D1B,\u9E33,,,,,,,
\u9D1D,\u9E32,,,,,,,
\u9D1E,\u9E2E,,,,,,,
\u9D1F,\u9E31,\u9D44,,,,,,
\u9D23,\u9E2A,,,,,,,
\u9D26,\u9E2F,,,,,,,
\u9D28,\u9E2D,,,,,,,
\u9D2F,\u9E38,,,,,,,
\u9D30,\u9E39,,,,,,,
\u9D34,\u9E3B,\u9D46,,,,,,
\u9D37,\u4D15,,,,,,,
\u9D3B,\u9E3F,,,,,,,
\u9D3F,\u9E3D,,,,,,,
\u9D41,\u4D14,,,,,,,
\u9D42,\u9E3A,,,,,,,
\u9D43,\u9E3C,,,,,,,
\u9D51,\u9E43,,,,,,,
\u9D52,\u9E46,,,,,,,
\u9D53,\u9E41,,,,,,,
\u9D5C,\u9E48,,,,,,,
\u9D5D,\u9E45,\u9D5E,,,,,,
\u9D60,\u9E44,,,,,,,
\u9D61,\u9E49,,,,,,,
\u9D6A,\u9E4C,,,,,,,
\u9D6C,\u9E4F,,,,,,,
\u9D6E,\u9E50,,,,,,,
\u9D6F,\u9E4E,,,,,,,
\u9D72,\u9E4A,,,,,,,
\u9D77,\u9E53,,,,,,,
\u9D7E,\u9E4D,,,,,,,
\u9D84,\u4D16,,,,,,,
\u9D87,\u9E2B,\u9DAB,,,,,,
\u9D89,\u9E51,,,,,,,
\u9D8A,\u9E52,,,,,,,
\u9D93,\u9E4B,,,,,,,
\u9D96,\u9E59,,,,,,,
\u9D98,\u9E55,,,,,,,
\u9D9A,\u9E57,,,,,,,
\u9DA1,\u9E56,,,,,,,
\u9DA5,\u9E5B,,,,,,,
\u9DA9,\u9E5C,,,,,,,
\u9DAA,\u4D17,,,,,,,
\u9DAC,\u9E27,,,,,,,
\u9DAF,\u83BA,\u9D2C,,,,,,
\u9DB2,\u9E5F,,,,,,,
\u9DB4,\u9E64,\u9E16,\uFA2D,,,,,
\u9DB9,\u9E60,,,,,,,
\u9DBA,\u9E61,,,,,,,
\u9DBB,\u9E58,,,,,,,
\u9DBC,\u9E63,,,,,,,
\u9DBF,\u9DC0,\u9E5A,,,,,,
\u9DC1,\u9E62,,,,,,,
\u9DC2,\u9E5E,,,,,,,
\u9DC8,\u4D18,,,,,,,
\u9DCA,\u9E5D,,,,,,,
\u9DCF,\u9DC6,,,,,,,
\u9DD3,\u9E67,,,,,,,
\u9DD6,\u9E65,,,,,,,
\u9DD7,\u9E25,,,,,,,
\u9DD9,\u9E37,,,,,,,
\u9DDA,\u9E68,,,,,,,
\u9DE1,\u9D50,\u9E40,,,,,,
\u9DE5,\u9E36,\u9D0E,,,,,,
\u9DE6,\u9E6A,,,,,,,
\u9DEB,\u9E54,,,,,,,
\u9DEF,\u9E69,,,,,,,
\u9DF2,\u9E6B,,,,,,,
\u9DF4,\u9E47,\u9DF3,,,,,,
\u9DF8,\u9E6C,,,,,,,
\u9DF9,\u9E70,,,,,,,
\u9DFA,\u9E6D,\uF93A,,,,,,
\u9DFD,\u9E34,,,,,,,
\u9DFF,\u9E0A,\u4D19,,,,,,
\u9E02,\u3D89,,,,,,,
\u9E07,\u9E6F,,,,,,,
\u9E0C,\u9E71,,,,,,,
\u9E0F,\u9E72,,,,,,,
\u9E15,\u9E2C,,,,,,,
\u9E18,\u9E74,,,,,,,
\u9E1A,\u9E66,,,,,,,
\u9E1B,\u9E73,,,,,,,
\u9E1D,\u9E42,,,,,,,
\u9E1E,\u9E3E,\u9D49,\uF920,,,,,
\u9E75,\u5364,\u6EF7,,,,,,
\u9E79,\u54B8,,,,,,,
\u9E7A,\u9E7E,,,,,,,
\u9E7C,\u7877,\u78B1,\u9E78,\u7906,,,,
\u9E7D,\u76D0,\u5869,,,,,,
\u9E7F,\uF940,,,,,,,
\u9E84,\u9EA4,\u9E81,\u7C97,,,,,
\u9E91,\u730A,\u8C8E,,,,,,
\u9E93,\u68BA,,,,,,,
\u9E97,\u4E3D,\uF988,,,,,,
\u9E9F,\uF9F3,,,,,,,
\u9EA5,\u9EA6,,,,,,,
\u9EA9,\u9EB8,,,,,,,
\u9EB4,\u9EB9,,,,,,,
\u9EB5,\u9762,\u9EAA,\u9EBA,,,,,
\u9EBB,\u83FB,\u8534,,,,,,
\u9EBC,\u4E48,\u5E85,\u5E7A,\u9EBD,,,,
\u9EC3,\u9EC4,,,,,,,
\u9ECC,\u9EC9,,,,,,,
\u9ECE,\uF989,,,,,,,
\u9ED1,\u9ED2,,,,,,,
\u9ED8,\u9ED9,,,,,,,
\u9EDE,\u70B9,\u594C,,,,,,
\u9EE8,\u515A,,,,,,,
\u9EF0,\u9B12,,,,,,,
\u9EF2,\u9EEA,,,,,,,
\u9EF6,\u9EE1,,,,,,,
\u9EF7,\u9EE9,,,,,,,
\u9EFB,\u82BE,,,,,,,
\u9EFE,\u9EFD,,,,,,,
\u9EFF,\u9F0B,,,,,,,
\u9F02,\u9F0C,\u6641,,,,,,
\u9F09,\u9F0D,,,,,,,
\u9F0E,\u9F11,,,,,,,
\u9F13,\u76B7,\u76BC,\u9F14,,,,,
\u9F15,\u51AC,,,,,,,
\u9F20,\u9F21,,,,,,,
\u9F22,\u86A1,,,,,,,
\u9F34,\u9F39,,,,,,,
\u9F47,\u9F44,,,,,,,
\u9F4A,\u9F50,\u6589,\u4E9D,,,,,
\u9F4B,\u658E,\u658B,,,,,,
\u9F4F,\u9F51,\u97F2,,,,,,
\u9F52,\u9F7F,\u6B6F,,,,,,
\u9F54,\u9F80,,,,,,,
\u9F55,\u9F81,,,,,,,
\u9F57,\u9F82,,,,,,,
\u9F59,\u9F85,,,,,,,
\u9F5C,\u9F87,,,,,,,
\u9F5F,\u9F83,,,,,,,
\u9F60,\u9F86,,,,,,,
\u9F61,\u9F84,\u9F62,,,,,,
\u9F66,\u9F88,,,,,,,
\u9F6A,\u9F8A,,,,,,,
\u9F6C,\u9F89,,,,,,,
\u9F72,\u9F8B,,,,,,,
\u9F76,\u816D,,,,,,,
\u9F77,\u9F8C,,,,,,,
\u9F8D,\u9F99,\u5C28,\u7ADC,\uF9C4,,,,
\u9F8E,\u5390,,,,,,,
\u9F90,\u5E9E,\u5396,,,,,,
\u9F94,\u9F9A,,,,,,,
\u9F95,\u9F9B,,,,,,,
\u9F9C,\u9F9F,\u4E80,\uF907,\uF908,,,,
